ISO-10303-21;
HEADER;
/* Generated by software containing ST-Developer
 * from STEP Tools, Inc. (www.steptools.com) 
 */

FILE_DESCRIPTION(
/* description */ (''),
/* implementation_level */ '2;1');

FILE_NAME(
/* name */ 
'D:/\X2\767E5EA67F5176D8540C6B6565874EF6\X0\/BaiduSyncdisk/\X2\521B5584
987976EE540896C6\X0\/\X2\76DB83DC5668\X0\/\X2\7B8053167248672C\X0\/\X2\76DB
83DC56687B8053167248672C\X0\.stp',
/* time_stamp */ '2024-04-13T00:59:01+08:00',
/* author */ (''),
/* organization */ (''),
/* preprocessor_version */ 'ST-DEVELOPER v15.2',
/* originating_system */ 'Autodesk Translator Framework v2.0.0.5431',
/* authorisation */ '');

FILE_SCHEMA (('AUTOMOTIVE_DESIGN { 1 0 10303 214 3 1 1 }'));
ENDSEC;

DATA;
#10=SHAPE_REPRESENTATION_RELATIONSHIP('SRR','None',#4040,#11);
#11=ADVANCED_BREP_SHAPE_REPRESENTATION($,(#2436,#2437,#2438,#2439,#2440,
#2441,#2442,#2443,#2444,#2445,#2446,#2447,#2448,#2449,#2450,#2451,#2452,
#2453,#2454,#2455,#2456),#4034);
#12=STYLED_ITEM($,(#4048),#2436);
#13=STYLED_ITEM($,(#4048),#2437);
#14=STYLED_ITEM($,(#4048),#2438);
#15=STYLED_ITEM($,(#4048),#2439);
#16=STYLED_ITEM($,(#4048),#2440);
#17=STYLED_ITEM($,(#4048),#2441);
#18=STYLED_ITEM($,(#4048),#2442);
#19=STYLED_ITEM($,(#4048),#2443);
#20=STYLED_ITEM($,(#4048),#2444);
#21=STYLED_ITEM($,(#4048),#2445);
#22=STYLED_ITEM($,(#4048),#2446);
#23=STYLED_ITEM($,(#4048),#2447);
#24=STYLED_ITEM($,(#4048),#2448);
#25=STYLED_ITEM($,(#4048),#2449);
#26=STYLED_ITEM($,(#4048),#2450);
#27=STYLED_ITEM($,(#4048),#2451);
#28=STYLED_ITEM($,(#4048),#2452);
#29=STYLED_ITEM($,(#4048),#2453);
#30=STYLED_ITEM($,(#4048),#2454);
#31=STYLED_ITEM($,(#4048),#2455);
#32=STYLED_ITEM($,(#4048),#2456);
#33=LINE($,#3403,#229);
#34=LINE($,#3405,#230);
#35=LINE($,#3407,#231);
#36=LINE($,#3408,#232);
#37=LINE($,#3412,#233);
#38=LINE($,#3414,#234);
#39=LINE($,#3416,#235);
#40=LINE($,#3417,#236);
#41=LINE($,#3419,#237);
#42=LINE($,#3420,#238);
#43=LINE($,#3422,#239);
#44=LINE($,#3424,#240);
#45=LINE($,#3444,#241);
#46=LINE($,#3446,#242);
#47=LINE($,#3448,#243);
#48=LINE($,#3449,#244);
#49=LINE($,#3453,#245);
#50=LINE($,#3455,#246);
#51=LINE($,#3457,#247);
#52=LINE($,#3458,#248);
#53=LINE($,#3460,#249);
#54=LINE($,#3461,#250);
#55=LINE($,#3463,#251);
#56=LINE($,#3465,#252);
#57=LINE($,#3485,#253);
#58=LINE($,#3487,#254);
#59=LINE($,#3489,#255);
#60=LINE($,#3490,#256);
#61=LINE($,#3494,#257);
#62=LINE($,#3496,#258);
#63=LINE($,#3498,#259);
#64=LINE($,#3499,#260);
#65=LINE($,#3501,#261);
#66=LINE($,#3502,#262);
#67=LINE($,#3504,#263);
#68=LINE($,#3506,#264);
#69=LINE($,#3526,#265);
#70=LINE($,#3528,#266);
#71=LINE($,#3530,#267);
#72=LINE($,#3531,#268);
#73=LINE($,#3535,#269);
#74=LINE($,#3537,#270);
#75=LINE($,#3539,#271);
#76=LINE($,#3540,#272);
#77=LINE($,#3542,#273);
#78=LINE($,#3543,#274);
#79=LINE($,#3545,#275);
#80=LINE($,#3547,#276);
#81=LINE($,#3581,#277);
#82=LINE($,#3583,#278);
#83=LINE($,#3585,#279);
#84=LINE($,#3586,#280);
#85=LINE($,#3590,#281);
#86=LINE($,#3592,#282);
#87=LINE($,#3594,#283);
#88=LINE($,#3595,#284);
#89=LINE($,#3597,#285);
#90=LINE($,#3598,#286);
#91=LINE($,#3600,#287);
#92=LINE($,#3602,#288);
#93=LINE($,#3622,#289);
#94=LINE($,#3624,#290);
#95=LINE($,#3626,#291);
#96=LINE($,#3627,#292);
#97=LINE($,#3631,#293);
#98=LINE($,#3633,#294);
#99=LINE($,#3635,#295);
#100=LINE($,#3636,#296);
#101=LINE($,#3638,#297);
#102=LINE($,#3639,#298);
#103=LINE($,#3641,#299);
#104=LINE($,#3643,#300);
#105=LINE($,#3663,#301);
#106=LINE($,#3665,#302);
#107=LINE($,#3667,#303);
#108=LINE($,#3668,#304);
#109=LINE($,#3672,#305);
#110=LINE($,#3674,#306);
#111=LINE($,#3676,#307);
#112=LINE($,#3677,#308);
#113=LINE($,#3679,#309);
#114=LINE($,#3680,#310);
#115=LINE($,#3682,#311);
#116=LINE($,#3684,#312);
#117=LINE($,#3689,#313);
#118=LINE($,#3691,#314);
#119=LINE($,#3693,#315);
#120=LINE($,#3694,#316);
#121=LINE($,#3698,#317);
#122=LINE($,#3700,#318);
#123=LINE($,#3702,#319);
#124=LINE($,#3703,#320);
#125=LINE($,#3705,#321);
#126=LINE($,#3706,#322);
#127=LINE($,#3708,#323);
#128=LINE($,#3710,#324);
#129=LINE($,#3725,#325);
#130=LINE($,#3727,#326);
#131=LINE($,#3729,#327);
#132=LINE($,#3730,#328);
#133=LINE($,#3734,#329);
#134=LINE($,#3736,#330);
#135=LINE($,#3738,#331);
#136=LINE($,#3739,#332);
#137=LINE($,#3741,#333);
#138=LINE($,#3742,#334);
#139=LINE($,#3744,#335);
#140=LINE($,#3746,#336);
#141=LINE($,#3761,#337);
#142=LINE($,#3763,#338);
#143=LINE($,#3765,#339);
#144=LINE($,#3766,#340);
#145=LINE($,#3770,#341);
#146=LINE($,#3772,#342);
#147=LINE($,#3774,#343);
#148=LINE($,#3775,#344);
#149=LINE($,#3777,#345);
#150=LINE($,#3778,#346);
#151=LINE($,#3780,#347);
#152=LINE($,#3782,#348);
#153=LINE($,#3817,#349);
#154=LINE($,#3819,#350);
#155=LINE($,#3820,#351);
#156=LINE($,#3824,#352);
#157=LINE($,#3826,#353);
#158=LINE($,#3827,#354);
#159=LINE($,#3831,#355);
#160=LINE($,#3833,#356);
#161=LINE($,#3835,#357);
#162=LINE($,#3836,#358);
#163=LINE($,#3843,#359);
#164=LINE($,#3845,#360);
#165=LINE($,#3846,#361);
#166=LINE($,#3849,#362);
#167=LINE($,#3851,#363);
#168=LINE($,#3852,#364);
#169=LINE($,#3859,#365);
#170=LINE($,#3860,#366);
#171=LINE($,#3862,#367);
#172=LINE($,#3863,#368);
#173=LINE($,#3866,#369);
#174=LINE($,#3867,#370);
#175=LINE($,#3870,#371);
#176=LINE($,#3871,#372);
#177=LINE($,#3885,#373);
#178=LINE($,#3887,#374);
#179=LINE($,#3898,#375);
#180=LINE($,#3900,#376);
#181=LINE($,#3901,#377);
#182=LINE($,#3905,#378);
#183=LINE($,#3907,#379);
#184=LINE($,#3908,#380);
#185=LINE($,#3912,#381);
#186=LINE($,#3914,#382);
#187=LINE($,#3916,#383);
#188=LINE($,#3917,#384);
#189=LINE($,#3924,#385);
#190=LINE($,#3926,#386);
#191=LINE($,#3927,#387);
#192=LINE($,#3930,#388);
#193=LINE($,#3932,#389);
#194=LINE($,#3933,#390);
#195=LINE($,#3940,#391);
#196=LINE($,#3941,#392);
#197=LINE($,#3943,#393);
#198=LINE($,#3944,#394);
#199=LINE($,#3947,#395);
#200=LINE($,#3948,#396);
#201=LINE($,#3951,#397);
#202=LINE($,#3952,#398);
#203=LINE($,#3966,#399);
#204=LINE($,#3968,#400);
#205=LINE($,#3977,#401);
#206=LINE($,#3979,#402);
#207=LINE($,#3981,#403);
#208=LINE($,#3982,#404);
#209=LINE($,#3986,#405);
#210=LINE($,#3988,#406);
#211=LINE($,#3990,#407);
#212=LINE($,#3991,#408);
#213=LINE($,#3993,#409);
#214=LINE($,#3994,#410);
#215=LINE($,#3996,#411);
#216=LINE($,#3998,#412);
#217=LINE($,#4003,#413);
#218=LINE($,#4005,#414);
#219=LINE($,#4007,#415);
#220=LINE($,#4008,#416);
#221=LINE($,#4012,#417);
#222=LINE($,#4014,#418);
#223=LINE($,#4016,#419);
#224=LINE($,#4017,#420);
#225=LINE($,#4019,#421);
#226=LINE($,#4020,#422);
#227=LINE($,#4022,#423);
#228=LINE($,#4024,#424);
#229=VECTOR($,#2727,3.);
#230=VECTOR($,#2728,22.);
#231=VECTOR($,#2729,3.);
#232=VECTOR($,#2730,22.);
#233=VECTOR($,#2733,3.);
#234=VECTOR($,#2734,22.);
#235=VECTOR($,#2735,3.);
#236=VECTOR($,#2736,22.);
#237=VECTOR($,#2739,0.5);
#238=VECTOR($,#2740,0.5);
#239=VECTOR($,#2743,0.5);
#240=VECTOR($,#2746,0.5);
#241=VECTOR($,#2769,3.);
#242=VECTOR($,#2770,9.);
#243=VECTOR($,#2771,3.);
#244=VECTOR($,#2772,9.);
#245=VECTOR($,#2775,3.);
#246=VECTOR($,#2776,9.);
#247=VECTOR($,#2777,3.);
#248=VECTOR($,#2778,9.);
#249=VECTOR($,#2781,1.);
#250=VECTOR($,#2782,1.);
#251=VECTOR($,#2785,1.);
#252=VECTOR($,#2788,1.);
#253=VECTOR($,#2811,3.);
#254=VECTOR($,#2812,9.);
#255=VECTOR($,#2813,3.);
#256=VECTOR($,#2814,9.);
#257=VECTOR($,#2817,3.);
#258=VECTOR($,#2818,9.);
#259=VECTOR($,#2819,3.);
#260=VECTOR($,#2820,9.);
#261=VECTOR($,#2823,1.);
#262=VECTOR($,#2824,1.);
#263=VECTOR($,#2827,1.);
#264=VECTOR($,#2830,1.);
#265=VECTOR($,#2853,3.);
#266=VECTOR($,#2854,5.9);
#267=VECTOR($,#2855,3.);
#268=VECTOR($,#2856,5.9);
#269=VECTOR($,#2859,3.);
#270=VECTOR($,#2860,5.9);
#271=VECTOR($,#2861,3.);
#272=VECTOR($,#2862,5.9);
#273=VECTOR($,#2865,1.);
#274=VECTOR($,#2866,1.);
#275=VECTOR($,#2869,1.);
#276=VECTOR($,#2872,1.);
#277=VECTOR($,#2915,3.);
#278=VECTOR($,#2916,5.9);
#279=VECTOR($,#2917,3.);
#280=VECTOR($,#2918,5.9);
#281=VECTOR($,#2921,3.);
#282=VECTOR($,#2922,5.9);
#283=VECTOR($,#2923,3.);
#284=VECTOR($,#2924,5.9);
#285=VECTOR($,#2927,1.);
#286=VECTOR($,#2928,1.);
#287=VECTOR($,#2931,1.);
#288=VECTOR($,#2934,1.);
#289=VECTOR($,#2957,3.);
#290=VECTOR($,#2958,1.);
#291=VECTOR($,#2959,3.);
#292=VECTOR($,#2960,1.);
#293=VECTOR($,#2963,3.);
#294=VECTOR($,#2964,1.);
#295=VECTOR($,#2965,3.);
#296=VECTOR($,#2966,1.);
#297=VECTOR($,#2969,32.);
#298=VECTOR($,#2970,32.);
#299=VECTOR($,#2973,32.);
#300=VECTOR($,#2976,32.);
#301=VECTOR($,#2999,3.);
#302=VECTOR($,#3000,1.);
#303=VECTOR($,#3001,3.);
#304=VECTOR($,#3002,1.);
#305=VECTOR($,#3005,3.);
#306=VECTOR($,#3006,1.);
#307=VECTOR($,#3007,3.);
#308=VECTOR($,#3008,1.);
#309=VECTOR($,#3011,32.);
#310=VECTOR($,#3012,32.);
#311=VECTOR($,#3015,32.);
#312=VECTOR($,#3018,32.);
#313=VECTOR($,#3023,3.);
#314=VECTOR($,#3024,34.);
#315=VECTOR($,#3025,3.);
#316=VECTOR($,#3026,34.);
#317=VECTOR($,#3029,3.);
#318=VECTOR($,#3030,34.);
#319=VECTOR($,#3031,3.);
#320=VECTOR($,#3032,34.);
#321=VECTOR($,#3035,0.5);
#322=VECTOR($,#3036,0.5);
#323=VECTOR($,#3039,0.5);
#324=VECTOR($,#3042,0.5);
#325=VECTOR($,#3059,3.);
#326=VECTOR($,#3060,0.5);
#327=VECTOR($,#3061,3.);
#328=VECTOR($,#3062,0.5);
#329=VECTOR($,#3065,3.);
#330=VECTOR($,#3066,0.5);
#331=VECTOR($,#3067,3.);
#332=VECTOR($,#3068,0.5);
#333=VECTOR($,#3071,2.);
#334=VECTOR($,#3072,2.);
#335=VECTOR($,#3075,2.);
#336=VECTOR($,#3078,2.);
#337=VECTOR($,#3095,3.);
#338=VECTOR($,#3096,0.5);
#339=VECTOR($,#3097,3.);
#340=VECTOR($,#3098,0.5);
#341=VECTOR($,#3101,3.);
#342=VECTOR($,#3102,0.5);
#343=VECTOR($,#3103,3.);
#344=VECTOR($,#3104,0.5);
#345=VECTOR($,#3107,2.);
#346=VECTOR($,#3108,2.);
#347=VECTOR($,#3111,2.);
#348=VECTOR($,#3114,2.);
#349=VECTOR($,#3161,2.05);
#350=VECTOR($,#3162,2.);
#351=VECTOR($,#3163,2.05);
#352=VECTOR($,#3168,2.05);
#353=VECTOR($,#3169,2.);
#354=VECTOR($,#3170,2.05);
#355=VECTOR($,#3173,3.);
#356=VECTOR($,#3174,4.1);
#357=VECTOR($,#3175,3.);
#358=VECTOR($,#3176,4.1);
#359=VECTOR($,#3183,1.04);
#360=VECTOR($,#3184,4.1);
#361=VECTOR($,#3185,1.04);
#362=VECTOR($,#3188,3.);
#363=VECTOR($,#3189,4.1);
#364=VECTOR($,#3190,3.);
#365=VECTOR($,#3197,0.48);
#366=VECTOR($,#3198,4.);
#367=VECTOR($,#3199,4.);
#368=VECTOR($,#3200,0.48);
#369=VECTOR($,#3203,0.48);
#370=VECTOR($,#3204,4.1);
#371=VECTOR($,#3207,4.1);
#372=VECTOR($,#3208,0.48);
#373=VECTOR($,#3227,4.);
#374=VECTOR($,#3230,4.);
#375=VECTOR($,#3243,2.05);
#376=VECTOR($,#3244,2.);
#377=VECTOR($,#3245,2.05);
#378=VECTOR($,#3250,2.05);
#379=VECTOR($,#3251,2.);
#380=VECTOR($,#3252,2.05);
#381=VECTOR($,#3255,3.);
#382=VECTOR($,#3256,4.1);
#383=VECTOR($,#3257,3.);
#384=VECTOR($,#3258,4.1);
#385=VECTOR($,#3265,1.04);
#386=VECTOR($,#3266,4.1);
#387=VECTOR($,#3267,1.04);
#388=VECTOR($,#3270,3.);
#389=VECTOR($,#3271,4.1);
#390=VECTOR($,#3272,3.);
#391=VECTOR($,#3279,0.48);
#392=VECTOR($,#3280,4.);
#393=VECTOR($,#3281,4.);
#394=VECTOR($,#3282,0.48);
#395=VECTOR($,#3285,0.48);
#396=VECTOR($,#3286,4.1);
#397=VECTOR($,#3289,4.1);
#398=VECTOR($,#3290,0.48);
#399=VECTOR($,#3309,4.);
#400=VECTOR($,#3312,4.);
#401=VECTOR($,#3323,2.);
#402=VECTOR($,#3324,0.4);
#403=VECTOR($,#3325,2.);
#404=VECTOR($,#3326,0.4);
#405=VECTOR($,#3329,2.);
#406=VECTOR($,#3330,0.4);
#407=VECTOR($,#3331,2.);
#408=VECTOR($,#3332,0.4);
#409=VECTOR($,#3335,38.);
#410=VECTOR($,#3336,38.);
#411=VECTOR($,#3339,38.);
#412=VECTOR($,#3342,38.);
#413=VECTOR($,#3347,2.);
#414=VECTOR($,#3348,0.4);
#415=VECTOR($,#3349,2.);
#416=VECTOR($,#3350,0.4);
#417=VECTOR($,#3353,2.);
#418=VECTOR($,#3354,0.4);
#419=VECTOR($,#3355,2.);
#420=VECTOR($,#3356,0.4);
#421=VECTOR($,#3359,38.);
#422=VECTOR($,#3360,38.);
#423=VECTOR($,#3363,38.);
#424=VECTOR($,#3366,38.);
#425=PLANE($,#2470);
#426=PLANE($,#2471);
#427=PLANE($,#2472);
#428=PLANE($,#2473);
#429=PLANE($,#2474);
#430=PLANE($,#2475);
#431=PLANE($,#2485);
#432=PLANE($,#2486);
#433=PLANE($,#2487);
#434=PLANE($,#2488);
#435=PLANE($,#2489);
#436=PLANE($,#2490);
#437=PLANE($,#2500);
#438=PLANE($,#2501);
#439=PLANE($,#2502);
#440=PLANE($,#2503);
#441=PLANE($,#2504);
#442=PLANE($,#2505);
#443=PLANE($,#2515);
#444=PLANE($,#2516);
#445=PLANE($,#2517);
#446=PLANE($,#2518);
#447=PLANE($,#2519);
#448=PLANE($,#2520);
#449=PLANE($,#2524);
#450=PLANE($,#2525);
#451=PLANE($,#2529);
#452=PLANE($,#2530);
#453=PLANE($,#2540);
#454=PLANE($,#2541);
#455=PLANE($,#2542);
#456=PLANE($,#2543);
#457=PLANE($,#2544);
#458=PLANE($,#2545);
#459=PLANE($,#2555);
#460=PLANE($,#2556);
#461=PLANE($,#2557);
#462=PLANE($,#2558);
#463=PLANE($,#2559);
#464=PLANE($,#2560);
#465=PLANE($,#2570);
#466=PLANE($,#2571);
#467=PLANE($,#2572);
#468=PLANE($,#2573);
#469=PLANE($,#2574);
#470=PLANE($,#2575);
#471=PLANE($,#2576);
#472=PLANE($,#2577);
#473=PLANE($,#2578);
#474=PLANE($,#2579);
#475=PLANE($,#2580);
#476=PLANE($,#2581);
#477=PLANE($,#2588);
#478=PLANE($,#2589);
#479=PLANE($,#2590);
#480=PLANE($,#2591);
#481=PLANE($,#2592);
#482=PLANE($,#2593);
#483=PLANE($,#2600);
#484=PLANE($,#2601);
#485=PLANE($,#2602);
#486=PLANE($,#2603);
#487=PLANE($,#2604);
#488=PLANE($,#2605);
#489=PLANE($,#2609);
#490=PLANE($,#2610);
#491=PLANE($,#2614);
#492=PLANE($,#2615);
#493=PLANE($,#2619);
#494=PLANE($,#2620);
#495=PLANE($,#2624);
#496=PLANE($,#2625);
#497=PLANE($,#2626);
#498=PLANE($,#2628);
#499=PLANE($,#2630);
#500=PLANE($,#2633);
#501=PLANE($,#2634);
#502=PLANE($,#2637);
#503=PLANE($,#2638);
#504=PLANE($,#2639);
#505=PLANE($,#2648);
#506=PLANE($,#2649);
#507=PLANE($,#2650);
#508=PLANE($,#2653);
#509=PLANE($,#2654);
#510=PLANE($,#2656);
#511=PLANE($,#2658);
#512=PLANE($,#2661);
#513=PLANE($,#2662);
#514=PLANE($,#2665);
#515=PLANE($,#2666);
#516=PLANE($,#2667);
#517=PLANE($,#2676);
#518=PLANE($,#2677);
#519=PLANE($,#2678);
#520=PLANE($,#2681);
#521=PLANE($,#2682);
#522=PLANE($,#2683);
#523=PLANE($,#2684);
#524=PLANE($,#2685);
#525=PLANE($,#2686);
#526=PLANE($,#2687);
#527=PLANE($,#2688);
#528=PLANE($,#2689);
#529=PLANE($,#2690);
#530=PLANE($,#2691);
#531=PLANE($,#2692);
#532=PLANE($,#2693);
#533=PLANE($,#2697);
#534=PLANE($,#2698);
#535=FACE_BOUND($,#800,.T.);
#536=FACE_BOUND($,#802,.T.);
#537=FACE_BOUND($,#804,.T.);
#538=FACE_BOUND($,#806,.T.);
#539=FACE_BOUND($,#807,.T.);
#540=FACE_BOUND($,#808,.T.);
#541=FACE_BOUND($,#809,.T.);
#542=FACE_BOUND($,#810,.T.);
#543=FACE_BOUND($,#811,.T.);
#544=FACE_BOUND($,#812,.T.);
#545=FACE_BOUND($,#813,.T.);
#546=FACE_BOUND($,#814,.T.);
#547=FACE_BOUND($,#815,.T.);
#548=FACE_BOUND($,#816,.T.);
#549=FACE_BOUND($,#822,.T.);
#550=FACE_BOUND($,#824,.T.);
#551=FACE_BOUND($,#826,.T.);
#552=FACE_BOUND($,#827,.T.);
#553=FACE_BOUND($,#828,.T.);
#554=FACE_BOUND($,#829,.T.);
#555=FACE_BOUND($,#830,.T.);
#556=FACE_BOUND($,#831,.T.);
#557=FACE_BOUND($,#832,.T.);
#558=FACE_BOUND($,#833,.T.);
#559=FACE_BOUND($,#834,.T.);
#560=FACE_BOUND($,#840,.T.);
#561=FACE_BOUND($,#842,.T.);
#562=FACE_BOUND($,#844,.T.);
#563=FACE_BOUND($,#845,.T.);
#564=FACE_BOUND($,#846,.T.);
#565=FACE_BOUND($,#847,.T.);
#566=FACE_BOUND($,#848,.T.);
#567=FACE_BOUND($,#849,.T.);
#568=FACE_BOUND($,#850,.T.);
#569=FACE_BOUND($,#851,.T.);
#570=FACE_BOUND($,#852,.T.);
#571=FACE_BOUND($,#858,.T.);
#572=FACE_BOUND($,#860,.T.);
#573=FACE_BOUND($,#862,.T.);
#574=FACE_BOUND($,#863,.T.);
#575=FACE_BOUND($,#864,.T.);
#576=FACE_BOUND($,#865,.T.);
#577=FACE_BOUND($,#866,.T.);
#578=FACE_BOUND($,#867,.T.);
#579=FACE_BOUND($,#868,.T.);
#580=FACE_BOUND($,#869,.T.);
#581=FACE_BOUND($,#870,.T.);
#582=FACE_BOUND($,#876,.T.);
#583=FACE_BOUND($,#880,.T.);
#584=FACE_BOUND($,#884,.T.);
#585=FACE_BOUND($,#886,.T.);
#586=FACE_BOUND($,#888,.T.);
#587=FACE_BOUND($,#889,.T.);
#588=FACE_BOUND($,#890,.T.);
#589=FACE_BOUND($,#891,.T.);
#590=FACE_BOUND($,#892,.T.);
#591=FACE_BOUND($,#893,.T.);
#592=FACE_BOUND($,#894,.T.);
#593=FACE_BOUND($,#895,.T.);
#594=FACE_BOUND($,#896,.T.);
#595=FACE_BOUND($,#902,.T.);
#596=FACE_BOUND($,#904,.T.);
#597=FACE_BOUND($,#906,.T.);
#598=FACE_BOUND($,#910,.T.);
#599=FACE_BOUND($,#911,.T.);
#600=FACE_BOUND($,#912,.T.);
#601=FACE_BOUND($,#913,.T.);
#602=FACE_BOUND($,#915,.T.);
#603=FACE_BOUND($,#916,.T.);
#604=FACE_BOUND($,#917,.T.);
#605=FACE_BOUND($,#918,.T.);
#606=FACE_BOUND($,#920,.T.);
#607=FACE_BOUND($,#922,.T.);
#608=FACE_BOUND($,#924,.T.);
#609=FACE_BOUND($,#928,.T.);
#610=FACE_BOUND($,#929,.T.);
#611=FACE_BOUND($,#930,.T.);
#612=FACE_BOUND($,#931,.T.);
#613=FACE_BOUND($,#933,.T.);
#614=FACE_BOUND($,#934,.T.);
#615=FACE_BOUND($,#935,.T.);
#616=FACE_BOUND($,#936,.T.);
#617=FACE_BOUND($,#944,.T.);
#618=FACE_BOUND($,#946,.T.);
#619=FACE_BOUND($,#950,.T.);
#620=FACE_BOUND($,#951,.T.);
#621=FACE_BOUND($,#952,.T.);
#622=FACE_BOUND($,#954,.T.);
#623=FACE_BOUND($,#955,.T.);
#624=FACE_BOUND($,#956,.T.);
#625=FACE_BOUND($,#958,.T.);
#626=FACE_BOUND($,#960,.T.);
#627=FACE_BOUND($,#964,.T.);
#628=FACE_BOUND($,#965,.T.);
#629=FACE_BOUND($,#966,.T.);
#630=FACE_BOUND($,#968,.T.);
#631=FACE_BOUND($,#969,.T.);
#632=FACE_BOUND($,#970,.T.);
#633=FACE_BOUND($,#972,.T.);
#634=FACE_BOUND($,#976,.T.);
#635=FACE_BOUND($,#980,.T.);
#636=FACE_BOUND($,#984,.T.);
#637=FACE_BOUND($,#990,.T.);
#638=FACE_BOUND($,#991,.T.);
#639=FACE_BOUND($,#994,.T.);
#640=FACE_BOUND($,#995,.T.);
#641=FACE_BOUND($,#1000,.T.);
#642=FACE_BOUND($,#1002,.T.);
#643=FACE_BOUND($,#1004,.T.);
#644=FACE_BOUND($,#1006,.T.);
#645=FACE_BOUND($,#1007,.T.);
#646=FACE_BOUND($,#1008,.T.);
#647=FACE_BOUND($,#1009,.T.);
#648=FACE_BOUND($,#1011,.T.);
#649=FACE_BOUND($,#1012,.T.);
#650=FACE_BOUND($,#1013,.T.);
#651=FACE_BOUND($,#1015,.T.);
#652=FACE_BOUND($,#1020,.T.);
#653=FACE_BOUND($,#1021,.T.);
#654=FACE_BOUND($,#1024,.T.);
#655=FACE_BOUND($,#1025,.T.);
#656=FACE_BOUND($,#1030,.T.);
#657=FACE_BOUND($,#1032,.T.);
#658=FACE_BOUND($,#1034,.T.);
#659=FACE_BOUND($,#1036,.T.);
#660=FACE_BOUND($,#1037,.T.);
#661=FACE_BOUND($,#1038,.T.);
#662=FACE_BOUND($,#1039,.T.);
#663=FACE_BOUND($,#1041,.T.);
#664=FACE_BOUND($,#1042,.T.);
#665=FACE_BOUND($,#1043,.T.);
#666=FACE_BOUND($,#1045,.T.);
#667=FACE_BOUND($,#1060,.T.);
#668=FACE_OUTER_BOUND($,#799,.T.);
#669=FACE_OUTER_BOUND($,#801,.T.);
#670=FACE_OUTER_BOUND($,#803,.T.);
#671=FACE_OUTER_BOUND($,#805,.T.);
#672=FACE_OUTER_BOUND($,#817,.T.);
#673=FACE_OUTER_BOUND($,#818,.T.);
#674=FACE_OUTER_BOUND($,#819,.T.);
#675=FACE_OUTER_BOUND($,#820,.T.);
#676=FACE_OUTER_BOUND($,#821,.T.);
#677=FACE_OUTER_BOUND($,#823,.T.);
#678=FACE_OUTER_BOUND($,#825,.T.);
#679=FACE_OUTER_BOUND($,#835,.T.);
#680=FACE_OUTER_BOUND($,#836,.T.);
#681=FACE_OUTER_BOUND($,#837,.T.);
#682=FACE_OUTER_BOUND($,#838,.T.);
#683=FACE_OUTER_BOUND($,#839,.T.);
#684=FACE_OUTER_BOUND($,#841,.T.);
#685=FACE_OUTER_BOUND($,#843,.T.);
#686=FACE_OUTER_BOUND($,#853,.T.);
#687=FACE_OUTER_BOUND($,#854,.T.);
#688=FACE_OUTER_BOUND($,#855,.T.);
#689=FACE_OUTER_BOUND($,#856,.T.);
#690=FACE_OUTER_BOUND($,#857,.T.);
#691=FACE_OUTER_BOUND($,#859,.T.);
#692=FACE_OUTER_BOUND($,#861,.T.);
#693=FACE_OUTER_BOUND($,#871,.T.);
#694=FACE_OUTER_BOUND($,#872,.T.);
#695=FACE_OUTER_BOUND($,#873,.T.);
#696=FACE_OUTER_BOUND($,#874,.T.);
#697=FACE_OUTER_BOUND($,#875,.T.);
#698=FACE_OUTER_BOUND($,#877,.T.);
#699=FACE_OUTER_BOUND($,#878,.T.);
#700=FACE_OUTER_BOUND($,#879,.T.);
#701=FACE_OUTER_BOUND($,#881,.T.);
#702=FACE_OUTER_BOUND($,#882,.T.);
#703=FACE_OUTER_BOUND($,#883,.T.);
#704=FACE_OUTER_BOUND($,#885,.T.);
#705=FACE_OUTER_BOUND($,#887,.T.);
#706=FACE_OUTER_BOUND($,#897,.T.);
#707=FACE_OUTER_BOUND($,#898,.T.);
#708=FACE_OUTER_BOUND($,#899,.T.);
#709=FACE_OUTER_BOUND($,#900,.T.);
#710=FACE_OUTER_BOUND($,#901,.T.);
#711=FACE_OUTER_BOUND($,#903,.T.);
#712=FACE_OUTER_BOUND($,#905,.T.);
#713=FACE_OUTER_BOUND($,#907,.T.);
#714=FACE_OUTER_BOUND($,#908,.T.);
#715=FACE_OUTER_BOUND($,#909,.T.);
#716=FACE_OUTER_BOUND($,#914,.T.);
#717=FACE_OUTER_BOUND($,#919,.T.);
#718=FACE_OUTER_BOUND($,#921,.T.);
#719=FACE_OUTER_BOUND($,#923,.T.);
#720=FACE_OUTER_BOUND($,#925,.T.);
#721=FACE_OUTER_BOUND($,#926,.T.);
#722=FACE_OUTER_BOUND($,#927,.T.);
#723=FACE_OUTER_BOUND($,#932,.T.);
#724=FACE_OUTER_BOUND($,#937,.T.);
#725=FACE_OUTER_BOUND($,#938,.T.);
#726=FACE_OUTER_BOUND($,#939,.T.);
#727=FACE_OUTER_BOUND($,#940,.T.);
#728=FACE_OUTER_BOUND($,#941,.T.);
#729=FACE_OUTER_BOUND($,#942,.T.);
#730=FACE_OUTER_BOUND($,#943,.T.);
#731=FACE_OUTER_BOUND($,#945,.T.);
#732=FACE_OUTER_BOUND($,#947,.T.);
#733=FACE_OUTER_BOUND($,#948,.T.);
#734=FACE_OUTER_BOUND($,#949,.T.);
#735=FACE_OUTER_BOUND($,#953,.T.);
#736=FACE_OUTER_BOUND($,#957,.T.);
#737=FACE_OUTER_BOUND($,#959,.T.);
#738=FACE_OUTER_BOUND($,#961,.T.);
#739=FACE_OUTER_BOUND($,#962,.T.);
#740=FACE_OUTER_BOUND($,#963,.T.);
#741=FACE_OUTER_BOUND($,#967,.T.);
#742=FACE_OUTER_BOUND($,#971,.T.);
#743=FACE_OUTER_BOUND($,#973,.T.);
#744=FACE_OUTER_BOUND($,#974,.T.);
#745=FACE_OUTER_BOUND($,#975,.T.);
#746=FACE_OUTER_BOUND($,#977,.T.);
#747=FACE_OUTER_BOUND($,#978,.T.);
#748=FACE_OUTER_BOUND($,#979,.T.);
#749=FACE_OUTER_BOUND($,#981,.T.);
#750=FACE_OUTER_BOUND($,#982,.T.);
#751=FACE_OUTER_BOUND($,#983,.T.);
#752=FACE_OUTER_BOUND($,#985,.T.);
#753=FACE_OUTER_BOUND($,#986,.T.);
#754=FACE_OUTER_BOUND($,#987,.T.);
#755=FACE_OUTER_BOUND($,#988,.T.);
#756=FACE_OUTER_BOUND($,#989,.T.);
#757=FACE_OUTER_BOUND($,#992,.T.);
#758=FACE_OUTER_BOUND($,#993,.T.);
#759=FACE_OUTER_BOUND($,#996,.T.);
#760=FACE_OUTER_BOUND($,#997,.T.);
#761=FACE_OUTER_BOUND($,#998,.T.);
#762=FACE_OUTER_BOUND($,#999,.T.);
#763=FACE_OUTER_BOUND($,#1001,.T.);
#764=FACE_OUTER_BOUND($,#1003,.T.);
#765=FACE_OUTER_BOUND($,#1005,.T.);
#766=FACE_OUTER_BOUND($,#1010,.T.);
#767=FACE_OUTER_BOUND($,#1014,.T.);
#768=FACE_OUTER_BOUND($,#1016,.T.);
#769=FACE_OUTER_BOUND($,#1017,.T.);
#770=FACE_OUTER_BOUND($,#1018,.T.);
#771=FACE_OUTER_BOUND($,#1019,.T.);
#772=FACE_OUTER_BOUND($,#1022,.T.);
#773=FACE_OUTER_BOUND($,#1023,.T.);
#774=FACE_OUTER_BOUND($,#1026,.T.);
#775=FACE_OUTER_BOUND($,#1027,.T.);
#776=FACE_OUTER_BOUND($,#1028,.T.);
#777=FACE_OUTER_BOUND($,#1029,.T.);
#778=FACE_OUTER_BOUND($,#1031,.T.);
#779=FACE_OUTER_BOUND($,#1033,.T.);
#780=FACE_OUTER_BOUND($,#1035,.T.);
#781=FACE_OUTER_BOUND($,#1040,.T.);
#782=FACE_OUTER_BOUND($,#1044,.T.);
#783=FACE_OUTER_BOUND($,#1046,.T.);
#784=FACE_OUTER_BOUND($,#1047,.T.);
#785=FACE_OUTER_BOUND($,#1048,.T.);
#786=FACE_OUTER_BOUND($,#1049,.T.);
#787=FACE_OUTER_BOUND($,#1050,.T.);
#788=FACE_OUTER_BOUND($,#1051,.T.);
#789=FACE_OUTER_BOUND($,#1052,.T.);
#790=FACE_OUTER_BOUND($,#1053,.T.);
#791=FACE_OUTER_BOUND($,#1054,.T.);
#792=FACE_OUTER_BOUND($,#1055,.T.);
#793=FACE_OUTER_BOUND($,#1056,.T.);
#794=FACE_OUTER_BOUND($,#1057,.T.);
#795=FACE_OUTER_BOUND($,#1058,.T.);
#796=FACE_OUTER_BOUND($,#1059,.T.);
#797=FACE_OUTER_BOUND($,#1061,.T.);
#798=FACE_OUTER_BOUND($,#1062,.T.);
#799=EDGE_LOOP($,(#1651));
#800=EDGE_LOOP($,(#1652));
#801=EDGE_LOOP($,(#1653));
#802=EDGE_LOOP($,(#1654));
#803=EDGE_LOOP($,(#1655));
#804=EDGE_LOOP($,(#1656));
#805=EDGE_LOOP($,(#1657));
#806=EDGE_LOOP($,(#1658));
#807=EDGE_LOOP($,(#1659));
#808=EDGE_LOOP($,(#1660));
#809=EDGE_LOOP($,(#1661));
#810=EDGE_LOOP($,(#1662));
#811=EDGE_LOOP($,(#1663,#1664,#1665,#1666));
#812=EDGE_LOOP($,(#1667));
#813=EDGE_LOOP($,(#1668));
#814=EDGE_LOOP($,(#1669));
#815=EDGE_LOOP($,(#1670));
#816=EDGE_LOOP($,(#1671,#1672,#1673,#1674));
#817=EDGE_LOOP($,(#1675,#1676,#1677,#1678));
#818=EDGE_LOOP($,(#1679,#1680,#1681,#1682));
#819=EDGE_LOOP($,(#1683,#1684,#1685,#1686));
#820=EDGE_LOOP($,(#1687,#1688,#1689,#1690));
#821=EDGE_LOOP($,(#1691));
#822=EDGE_LOOP($,(#1692));
#823=EDGE_LOOP($,(#1693));
#824=EDGE_LOOP($,(#1694));
#825=EDGE_LOOP($,(#1695));
#826=EDGE_LOOP($,(#1696));
#827=EDGE_LOOP($,(#1697));
#828=EDGE_LOOP($,(#1698));
#829=EDGE_LOOP($,(#1699));
#830=EDGE_LOOP($,(#1700,#1701,#1702,#1703));
#831=EDGE_LOOP($,(#1704));
#832=EDGE_LOOP($,(#1705));
#833=EDGE_LOOP($,(#1706));
#834=EDGE_LOOP($,(#1707,#1708,#1709,#1710));
#835=EDGE_LOOP($,(#1711,#1712,#1713,#1714));
#836=EDGE_LOOP($,(#1715,#1716,#1717,#1718));
#837=EDGE_LOOP($,(#1719,#1720,#1721,#1722));
#838=EDGE_LOOP($,(#1723,#1724,#1725,#1726));
#839=EDGE_LOOP($,(#1727));
#840=EDGE_LOOP($,(#1728));
#841=EDGE_LOOP($,(#1729));
#842=EDGE_LOOP($,(#1730));
#843=EDGE_LOOP($,(#1731));
#844=EDGE_LOOP($,(#1732));
#845=EDGE_LOOP($,(#1733));
#846=EDGE_LOOP($,(#1734));
#847=EDGE_LOOP($,(#1735));
#848=EDGE_LOOP($,(#1736,#1737,#1738,#1739));
#849=EDGE_LOOP($,(#1740));
#850=EDGE_LOOP($,(#1741));
#851=EDGE_LOOP($,(#1742));
#852=EDGE_LOOP($,(#1743,#1744,#1745,#1746));
#853=EDGE_LOOP($,(#1747,#1748,#1749,#1750));
#854=EDGE_LOOP($,(#1751,#1752,#1753,#1754));
#855=EDGE_LOOP($,(#1755,#1756,#1757,#1758));
#856=EDGE_LOOP($,(#1759,#1760,#1761,#1762));
#857=EDGE_LOOP($,(#1763));
#858=EDGE_LOOP($,(#1764));
#859=EDGE_LOOP($,(#1765));
#860=EDGE_LOOP($,(#1766));
#861=EDGE_LOOP($,(#1767));
#862=EDGE_LOOP($,(#1768));
#863=EDGE_LOOP($,(#1769));
#864=EDGE_LOOP($,(#1770));
#865=EDGE_LOOP($,(#1771));
#866=EDGE_LOOP($,(#1772,#1773,#1774,#1775));
#867=EDGE_LOOP($,(#1776));
#868=EDGE_LOOP($,(#1777));
#869=EDGE_LOOP($,(#1778));
#870=EDGE_LOOP($,(#1779,#1780,#1781,#1782));
#871=EDGE_LOOP($,(#1783,#1784,#1785,#1786));
#872=EDGE_LOOP($,(#1787,#1788,#1789,#1790));
#873=EDGE_LOOP($,(#1791,#1792,#1793,#1794));
#874=EDGE_LOOP($,(#1795,#1796,#1797,#1798));
#875=EDGE_LOOP($,(#1799));
#876=EDGE_LOOP($,(#1800));
#877=EDGE_LOOP($,(#1801));
#878=EDGE_LOOP($,(#1802));
#879=EDGE_LOOP($,(#1803));
#880=EDGE_LOOP($,(#1804));
#881=EDGE_LOOP($,(#1805));
#882=EDGE_LOOP($,(#1806));
#883=EDGE_LOOP($,(#1807));
#884=EDGE_LOOP($,(#1808));
#885=EDGE_LOOP($,(#1809));
#886=EDGE_LOOP($,(#1810));
#887=EDGE_LOOP($,(#1811));
#888=EDGE_LOOP($,(#1812));
#889=EDGE_LOOP($,(#1813));
#890=EDGE_LOOP($,(#1814));
#891=EDGE_LOOP($,(#1815));
#892=EDGE_LOOP($,(#1816,#1817,#1818,#1819));
#893=EDGE_LOOP($,(#1820));
#894=EDGE_LOOP($,(#1821));
#895=EDGE_LOOP($,(#1822));
#896=EDGE_LOOP($,(#1823,#1824,#1825,#1826));
#897=EDGE_LOOP($,(#1827,#1828,#1829,#1830));
#898=EDGE_LOOP($,(#1831,#1832,#1833,#1834));
#899=EDGE_LOOP($,(#1835,#1836,#1837,#1838));
#900=EDGE_LOOP($,(#1839,#1840,#1841,#1842));
#901=EDGE_LOOP($,(#1843));
#902=EDGE_LOOP($,(#1844));
#903=EDGE_LOOP($,(#1845));
#904=EDGE_LOOP($,(#1846));
#905=EDGE_LOOP($,(#1847));
#906=EDGE_LOOP($,(#1848));
#907=EDGE_LOOP($,(#1849,#1850,#1851,#1852));
#908=EDGE_LOOP($,(#1853,#1854,#1855,#1856));
#909=EDGE_LOOP($,(#1857,#1858,#1859,#1860));
#910=EDGE_LOOP($,(#1861));
#911=EDGE_LOOP($,(#1862));
#912=EDGE_LOOP($,(#1863));
#913=EDGE_LOOP($,(#1864,#1865,#1866,#1867));
#914=EDGE_LOOP($,(#1868,#1869,#1870,#1871));
#915=EDGE_LOOP($,(#1872));
#916=EDGE_LOOP($,(#1873));
#917=EDGE_LOOP($,(#1874));
#918=EDGE_LOOP($,(#1875,#1876,#1877,#1878));
#919=EDGE_LOOP($,(#1879));
#920=EDGE_LOOP($,(#1880));
#921=EDGE_LOOP($,(#1881));
#922=EDGE_LOOP($,(#1882));
#923=EDGE_LOOP($,(#1883));
#924=EDGE_LOOP($,(#1884));
#925=EDGE_LOOP($,(#1885,#1886,#1887,#1888));
#926=EDGE_LOOP($,(#1889,#1890,#1891,#1892));
#927=EDGE_LOOP($,(#1893,#1894,#1895,#1896));
#928=EDGE_LOOP($,(#1897));
#929=EDGE_LOOP($,(#1898));
#930=EDGE_LOOP($,(#1899));
#931=EDGE_LOOP($,(#1900,#1901,#1902,#1903));
#932=EDGE_LOOP($,(#1904,#1905,#1906,#1907));
#933=EDGE_LOOP($,(#1908));
#934=EDGE_LOOP($,(#1909));
#935=EDGE_LOOP($,(#1910));
#936=EDGE_LOOP($,(#1911,#1912,#1913,#1914));
#937=EDGE_LOOP($,(#1915,#1916,#1917,#1918));
#938=EDGE_LOOP($,(#1919,#1920,#1921,#1922));
#939=EDGE_LOOP($,(#1923,#1924,#1925,#1926));
#940=EDGE_LOOP($,(#1927,#1928,#1929,#1930));
#941=EDGE_LOOP($,(#1931,#1932,#1933,#1934));
#942=EDGE_LOOP($,(#1935,#1936,#1937,#1938));
#943=EDGE_LOOP($,(#1939));
#944=EDGE_LOOP($,(#1940));
#945=EDGE_LOOP($,(#1941));
#946=EDGE_LOOP($,(#1942));
#947=EDGE_LOOP($,(#1943,#1944,#1945,#1946));
#948=EDGE_LOOP($,(#1947,#1948,#1949,#1950));
#949=EDGE_LOOP($,(#1951,#1952,#1953,#1954));
#950=EDGE_LOOP($,(#1955));
#951=EDGE_LOOP($,(#1956));
#952=EDGE_LOOP($,(#1957,#1958,#1959,#1960));
#953=EDGE_LOOP($,(#1961,#1962,#1963,#1964));
#954=EDGE_LOOP($,(#1965));
#955=EDGE_LOOP($,(#1966));
#956=EDGE_LOOP($,(#1967,#1968,#1969,#1970));
#957=EDGE_LOOP($,(#1971));
#958=EDGE_LOOP($,(#1972));
#959=EDGE_LOOP($,(#1973));
#960=EDGE_LOOP($,(#1974));
#961=EDGE_LOOP($,(#1975,#1976,#1977,#1978));
#962=EDGE_LOOP($,(#1979,#1980,#1981,#1982));
#963=EDGE_LOOP($,(#1983,#1984,#1985,#1986));
#964=EDGE_LOOP($,(#1987));
#965=EDGE_LOOP($,(#1988));
#966=EDGE_LOOP($,(#1989,#1990,#1991,#1992));
#967=EDGE_LOOP($,(#1993,#1994,#1995,#1996));
#968=EDGE_LOOP($,(#1997));
#969=EDGE_LOOP($,(#1998));
#970=EDGE_LOOP($,(#1999,#2000,#2001,#2002));
#971=EDGE_LOOP($,(#2003));
#972=EDGE_LOOP($,(#2004));
#973=EDGE_LOOP($,(#2005));
#974=EDGE_LOOP($,(#2006));
#975=EDGE_LOOP($,(#2007));
#976=EDGE_LOOP($,(#2008));
#977=EDGE_LOOP($,(#2009));
#978=EDGE_LOOP($,(#2010));
#979=EDGE_LOOP($,(#2011));
#980=EDGE_LOOP($,(#2012));
#981=EDGE_LOOP($,(#2013));
#982=EDGE_LOOP($,(#2014));
#983=EDGE_LOOP($,(#2015));
#984=EDGE_LOOP($,(#2016));
#985=EDGE_LOOP($,(#2017));
#986=EDGE_LOOP($,(#2018));
#987=EDGE_LOOP($,(#2019,#2020,#2021,#2022));
#988=EDGE_LOOP($,(#2023,#2024,#2025,#2026));
#989=EDGE_LOOP($,(#2027,#2028,#2029,#2030));
#990=EDGE_LOOP($,(#2031));
#991=EDGE_LOOP($,(#2032));
#992=EDGE_LOOP($,(#2033,#2034,#2035,#2036));
#993=EDGE_LOOP($,(#2037,#2038,#2039,#2040));
#994=EDGE_LOOP($,(#2041));
#995=EDGE_LOOP($,(#2042));
#996=EDGE_LOOP($,(#2043,#2044,#2045,#2046,#2047,#2048,#2049,#2050));
#997=EDGE_LOOP($,(#2051,#2052,#2053,#2054));
#998=EDGE_LOOP($,(#2055,#2056,#2057,#2058));
#999=EDGE_LOOP($,(#2059));
#1000=EDGE_LOOP($,(#2060));
#1001=EDGE_LOOP($,(#2061));
#1002=EDGE_LOOP($,(#2062));
#1003=EDGE_LOOP($,(#2063));
#1004=EDGE_LOOP($,(#2064));
#1005=EDGE_LOOP($,(#2065));
#1006=EDGE_LOOP($,(#2066));
#1007=EDGE_LOOP($,(#2067));
#1008=EDGE_LOOP($,(#2068));
#1009=EDGE_LOOP($,(#2069,#2070,#2071,#2072,#2073));
#1010=EDGE_LOOP($,(#2074,#2075,#2076,#2077,#2078,#2079,#2080,#2081));
#1011=EDGE_LOOP($,(#2082));
#1012=EDGE_LOOP($,(#2083));
#1013=EDGE_LOOP($,(#2084,#2085,#2086,#2087,#2088));
#1014=EDGE_LOOP($,(#2089,#2090));
#1015=EDGE_LOOP($,(#2091));
#1016=EDGE_LOOP($,(#2092));
#1017=EDGE_LOOP($,(#2093,#2094,#2095,#2096));
#1018=EDGE_LOOP($,(#2097,#2098,#2099,#2100));
#1019=EDGE_LOOP($,(#2101,#2102,#2103,#2104));
#1020=EDGE_LOOP($,(#2105));
#1021=EDGE_LOOP($,(#2106));
#1022=EDGE_LOOP($,(#2107,#2108,#2109,#2110));
#1023=EDGE_LOOP($,(#2111,#2112,#2113,#2114));
#1024=EDGE_LOOP($,(#2115));
#1025=EDGE_LOOP($,(#2116));
#1026=EDGE_LOOP($,(#2117,#2118,#2119,#2120,#2121,#2122,#2123,#2124));
#1027=EDGE_LOOP($,(#2125,#2126,#2127,#2128));
#1028=EDGE_LOOP($,(#2129,#2130,#2131,#2132));
#1029=EDGE_LOOP($,(#2133));
#1030=EDGE_LOOP($,(#2134));
#1031=EDGE_LOOP($,(#2135));
#1032=EDGE_LOOP($,(#2136));
#1033=EDGE_LOOP($,(#2137));
#1034=EDGE_LOOP($,(#2138));
#1035=EDGE_LOOP($,(#2139));
#1036=EDGE_LOOP($,(#2140));
#1037=EDGE_LOOP($,(#2141));
#1038=EDGE_LOOP($,(#2142));
#1039=EDGE_LOOP($,(#2143,#2144,#2145,#2146,#2147));
#1040=EDGE_LOOP($,(#2148,#2149,#2150,#2151,#2152,#2153,#2154,#2155));
#1041=EDGE_LOOP($,(#2156));
#1042=EDGE_LOOP($,(#2157));
#1043=EDGE_LOOP($,(#2158,#2159,#2160,#2161,#2162));
#1044=EDGE_LOOP($,(#2163,#2164));
#1045=EDGE_LOOP($,(#2165));
#1046=EDGE_LOOP($,(#2166));
#1047=EDGE_LOOP($,(#2167,#2168,#2169,#2170));
#1048=EDGE_LOOP($,(#2171,#2172,#2173,#2174));
#1049=EDGE_LOOP($,(#2175,#2176,#2177,#2178));
#1050=EDGE_LOOP($,(#2179,#2180,#2181,#2182));
#1051=EDGE_LOOP($,(#2183,#2184,#2185,#2186));
#1052=EDGE_LOOP($,(#2187,#2188,#2189,#2190));
#1053=EDGE_LOOP($,(#2191,#2192,#2193,#2194));
#1054=EDGE_LOOP($,(#2195,#2196,#2197,#2198));
#1055=EDGE_LOOP($,(#2199,#2200,#2201,#2202));
#1056=EDGE_LOOP($,(#2203,#2204,#2205,#2206));
#1057=EDGE_LOOP($,(#2207,#2208,#2209,#2210));
#1058=EDGE_LOOP($,(#2211,#2212,#2213,#2214));
#1059=EDGE_LOOP($,(#2215));
#1060=EDGE_LOOP($,(#2216));
#1061=EDGE_LOOP($,(#2217));
#1062=EDGE_LOOP($,(#2218));
#1063=CIRCLE($,#2459,0.165);
#1064=CIRCLE($,#2460,0.165);
#1065=CIRCLE($,#2462,0.165);
#1066=CIRCLE($,#2463,0.165);
#1067=CIRCLE($,#2465,0.165);
#1068=CIRCLE($,#2466,0.165);
#1069=CIRCLE($,#2468,0.165);
#1070=CIRCLE($,#2469,0.165);
#1071=CIRCLE($,#2477,0.3);
#1072=CIRCLE($,#2478,0.3);
#1073=CIRCLE($,#2480,0.3);
#1074=CIRCLE($,#2481,0.3);
#1075=CIRCLE($,#2483,0.3);
#1076=CIRCLE($,#2484,0.3);
#1077=CIRCLE($,#2492,0.3);
#1078=CIRCLE($,#2493,0.3);
#1079=CIRCLE($,#2495,0.3);
#1080=CIRCLE($,#2496,0.3);
#1081=CIRCLE($,#2498,0.3);
#1082=CIRCLE($,#2499,0.3);
#1083=CIRCLE($,#2507,0.3);
#1084=CIRCLE($,#2508,0.3);
#1085=CIRCLE($,#2510,0.3);
#1086=CIRCLE($,#2511,0.3);
#1087=CIRCLE($,#2513,0.3);
#1088=CIRCLE($,#2514,0.3);
#1089=CIRCLE($,#2522,2.05);
#1090=CIRCLE($,#2523,2.05);
#1091=CIRCLE($,#2527,2.05);
#1092=CIRCLE($,#2528,2.05);
#1093=CIRCLE($,#2532,0.3);
#1094=CIRCLE($,#2533,0.3);
#1095=CIRCLE($,#2535,0.3);
#1096=CIRCLE($,#2536,0.3);
#1097=CIRCLE($,#2538,0.3);
#1098=CIRCLE($,#2539,0.3);
#1099=CIRCLE($,#2547,0.3);
#1100=CIRCLE($,#2548,0.3);
#1101=CIRCLE($,#2550,0.3);
#1102=CIRCLE($,#2551,0.3);
#1103=CIRCLE($,#2553,0.3);
#1104=CIRCLE($,#2554,0.3);
#1105=CIRCLE($,#2562,0.3);
#1106=CIRCLE($,#2563,0.3);
#1107=CIRCLE($,#2565,0.3);
#1108=CIRCLE($,#2566,0.3);
#1109=CIRCLE($,#2568,0.3);
#1110=CIRCLE($,#2569,0.3);
#1111=CIRCLE($,#2583,0.165);
#1112=CIRCLE($,#2584,0.165);
#1113=CIRCLE($,#2586,0.165);
#1114=CIRCLE($,#2587,0.165);
#1115=CIRCLE($,#2595,0.165);
#1116=CIRCLE($,#2596,0.165);
#1117=CIRCLE($,#2598,0.165);
#1118=CIRCLE($,#2599,0.165);
#1119=CIRCLE($,#2607,0.165);
#1120=CIRCLE($,#2608,0.165);
#1121=CIRCLE($,#2612,0.165);
#1122=CIRCLE($,#2613,0.165);
#1123=CIRCLE($,#2617,0.165);
#1124=CIRCLE($,#2618,0.165);
#1125=CIRCLE($,#2622,0.165);
#1126=CIRCLE($,#2623,0.165);
#1127=CIRCLE($,#2627,1.);
#1128=CIRCLE($,#2629,1.);
#1129=CIRCLE($,#2631,0.3);
#1130=CIRCLE($,#2632,0.3);
#1131=CIRCLE($,#2635,0.3);
#1132=CIRCLE($,#2636,0.3);
#1133=CIRCLE($,#2641,0.3);
#1134=CIRCLE($,#2643,0.3);
#1135=CIRCLE($,#2645,0.3);
#1136=CIRCLE($,#2647,0.3);
#1137=CIRCLE($,#2652,1.);
#1138=CIRCLE($,#2655,1.);
#1139=CIRCLE($,#2657,1.);
#1140=CIRCLE($,#2659,0.3);
#1141=CIRCLE($,#2660,0.3);
#1142=CIRCLE($,#2663,0.3);
#1143=CIRCLE($,#2664,0.3);
#1144=CIRCLE($,#2669,0.3);
#1145=CIRCLE($,#2671,0.3);
#1146=CIRCLE($,#2673,0.3);
#1147=CIRCLE($,#2675,0.3);
#1148=CIRCLE($,#2680,1.);
#1149=CIRCLE($,#2695,0.25);
#1150=CIRCLE($,#2696,0.25);
#1151=VERTEX_POINT($,#3381);
#1152=VERTEX_POINT($,#3383);
#1153=VERTEX_POINT($,#3386);
#1154=VERTEX_POINT($,#3388);
#1155=VERTEX_POINT($,#3391);
#1156=VERTEX_POINT($,#3393);
#1157=VERTEX_POINT($,#3396);
#1158=VERTEX_POINT($,#3398);
#1159=VERTEX_POINT($,#3401);
#1160=VERTEX_POINT($,#3402);
#1161=VERTEX_POINT($,#3404);
#1162=VERTEX_POINT($,#3406);
#1163=VERTEX_POINT($,#3410);
#1164=VERTEX_POINT($,#3411);
#1165=VERTEX_POINT($,#3413);
#1166=VERTEX_POINT($,#3415);
#1167=VERTEX_POINT($,#3427);
#1168=VERTEX_POINT($,#3429);
#1169=VERTEX_POINT($,#3432);
#1170=VERTEX_POINT($,#3434);
#1171=VERTEX_POINT($,#3437);
#1172=VERTEX_POINT($,#3439);
#1173=VERTEX_POINT($,#3442);
#1174=VERTEX_POINT($,#3443);
#1175=VERTEX_POINT($,#3445);
#1176=VERTEX_POINT($,#3447);
#1177=VERTEX_POINT($,#3451);
#1178=VERTEX_POINT($,#3452);
#1179=VERTEX_POINT($,#3454);
#1180=VERTEX_POINT($,#3456);
#1181=VERTEX_POINT($,#3468);
#1182=VERTEX_POINT($,#3470);
#1183=VERTEX_POINT($,#3473);
#1184=VERTEX_POINT($,#3475);
#1185=VERTEX_POINT($,#3478);
#1186=VERTEX_POINT($,#3480);
#1187=VERTEX_POINT($,#3483);
#1188=VERTEX_POINT($,#3484);
#1189=VERTEX_POINT($,#3486);
#1190=VERTEX_POINT($,#3488);
#1191=VERTEX_POINT($,#3492);
#1192=VERTEX_POINT($,#3493);
#1193=VERTEX_POINT($,#3495);
#1194=VERTEX_POINT($,#3497);
#1195=VERTEX_POINT($,#3509);
#1196=VERTEX_POINT($,#3511);
#1197=VERTEX_POINT($,#3514);
#1198=VERTEX_POINT($,#3516);
#1199=VERTEX_POINT($,#3519);
#1200=VERTEX_POINT($,#3521);
#1201=VERTEX_POINT($,#3524);
#1202=VERTEX_POINT($,#3525);
#1203=VERTEX_POINT($,#3527);
#1204=VERTEX_POINT($,#3529);
#1205=VERTEX_POINT($,#3533);
#1206=VERTEX_POINT($,#3534);
#1207=VERTEX_POINT($,#3536);
#1208=VERTEX_POINT($,#3538);
#1209=VERTEX_POINT($,#3550);
#1210=VERTEX_POINT($,#3552);
#1211=VERTEX_POINT($,#3557);
#1212=VERTEX_POINT($,#3559);
#1213=VERTEX_POINT($,#3564);
#1214=VERTEX_POINT($,#3566);
#1215=VERTEX_POINT($,#3569);
#1216=VERTEX_POINT($,#3571);
#1217=VERTEX_POINT($,#3574);
#1218=VERTEX_POINT($,#3576);
#1219=VERTEX_POINT($,#3579);
#1220=VERTEX_POINT($,#3580);
#1221=VERTEX_POINT($,#3582);
#1222=VERTEX_POINT($,#3584);
#1223=VERTEX_POINT($,#3588);
#1224=VERTEX_POINT($,#3589);
#1225=VERTEX_POINT($,#3591);
#1226=VERTEX_POINT($,#3593);
#1227=VERTEX_POINT($,#3605);
#1228=VERTEX_POINT($,#3607);
#1229=VERTEX_POINT($,#3610);
#1230=VERTEX_POINT($,#3612);
#1231=VERTEX_POINT($,#3615);
#1232=VERTEX_POINT($,#3617);
#1233=VERTEX_POINT($,#3620);
#1234=VERTEX_POINT($,#3621);
#1235=VERTEX_POINT($,#3623);
#1236=VERTEX_POINT($,#3625);
#1237=VERTEX_POINT($,#3629);
#1238=VERTEX_POINT($,#3630);
#1239=VERTEX_POINT($,#3632);
#1240=VERTEX_POINT($,#3634);
#1241=VERTEX_POINT($,#3646);
#1242=VERTEX_POINT($,#3648);
#1243=VERTEX_POINT($,#3651);
#1244=VERTEX_POINT($,#3653);
#1245=VERTEX_POINT($,#3656);
#1246=VERTEX_POINT($,#3658);
#1247=VERTEX_POINT($,#3661);
#1248=VERTEX_POINT($,#3662);
#1249=VERTEX_POINT($,#3664);
#1250=VERTEX_POINT($,#3666);
#1251=VERTEX_POINT($,#3670);
#1252=VERTEX_POINT($,#3671);
#1253=VERTEX_POINT($,#3673);
#1254=VERTEX_POINT($,#3675);
#1255=VERTEX_POINT($,#3687);
#1256=VERTEX_POINT($,#3688);
#1257=VERTEX_POINT($,#3690);
#1258=VERTEX_POINT($,#3692);
#1259=VERTEX_POINT($,#3696);
#1260=VERTEX_POINT($,#3697);
#1261=VERTEX_POINT($,#3699);
#1262=VERTEX_POINT($,#3701);
#1263=VERTEX_POINT($,#3713);
#1264=VERTEX_POINT($,#3715);
#1265=VERTEX_POINT($,#3718);
#1266=VERTEX_POINT($,#3720);
#1267=VERTEX_POINT($,#3723);
#1268=VERTEX_POINT($,#3724);
#1269=VERTEX_POINT($,#3726);
#1270=VERTEX_POINT($,#3728);
#1271=VERTEX_POINT($,#3732);
#1272=VERTEX_POINT($,#3733);
#1273=VERTEX_POINT($,#3735);
#1274=VERTEX_POINT($,#3737);
#1275=VERTEX_POINT($,#3749);
#1276=VERTEX_POINT($,#3751);
#1277=VERTEX_POINT($,#3754);
#1278=VERTEX_POINT($,#3756);
#1279=VERTEX_POINT($,#3759);
#1280=VERTEX_POINT($,#3760);
#1281=VERTEX_POINT($,#3762);
#1282=VERTEX_POINT($,#3764);
#1283=VERTEX_POINT($,#3768);
#1284=VERTEX_POINT($,#3769);
#1285=VERTEX_POINT($,#3771);
#1286=VERTEX_POINT($,#3773);
#1287=VERTEX_POINT($,#3785);
#1288=VERTEX_POINT($,#3787);
#1289=VERTEX_POINT($,#3792);
#1290=VERTEX_POINT($,#3794);
#1291=VERTEX_POINT($,#3799);
#1292=VERTEX_POINT($,#3801);
#1293=VERTEX_POINT($,#3806);
#1294=VERTEX_POINT($,#3808);
#1295=VERTEX_POINT($,#3813);
#1296=VERTEX_POINT($,#3814);
#1297=VERTEX_POINT($,#3816);
#1298=VERTEX_POINT($,#3818);
#1299=VERTEX_POINT($,#3823);
#1300=VERTEX_POINT($,#3825);
#1301=VERTEX_POINT($,#3829);
#1302=VERTEX_POINT($,#3830);
#1303=VERTEX_POINT($,#3832);
#1304=VERTEX_POINT($,#3834);
#1305=VERTEX_POINT($,#3837);
#1306=VERTEX_POINT($,#3839);
#1307=VERTEX_POINT($,#3842);
#1308=VERTEX_POINT($,#3844);
#1309=VERTEX_POINT($,#3848);
#1310=VERTEX_POINT($,#3850);
#1311=VERTEX_POINT($,#3853);
#1312=VERTEX_POINT($,#3855);
#1313=VERTEX_POINT($,#3858);
#1314=VERTEX_POINT($,#3861);
#1315=VERTEX_POINT($,#3865);
#1316=VERTEX_POINT($,#3869);
#1317=VERTEX_POINT($,#3873);
#1318=VERTEX_POINT($,#3876);
#1319=VERTEX_POINT($,#3879);
#1320=VERTEX_POINT($,#3882);
#1321=VERTEX_POINT($,#3890);
#1322=VERTEX_POINT($,#3894);
#1323=VERTEX_POINT($,#3895);
#1324=VERTEX_POINT($,#3897);
#1325=VERTEX_POINT($,#3899);
#1326=VERTEX_POINT($,#3904);
#1327=VERTEX_POINT($,#3906);
#1328=VERTEX_POINT($,#3910);
#1329=VERTEX_POINT($,#3911);
#1330=VERTEX_POINT($,#3913);
#1331=VERTEX_POINT($,#3915);
#1332=VERTEX_POINT($,#3918);
#1333=VERTEX_POINT($,#3920);
#1334=VERTEX_POINT($,#3923);
#1335=VERTEX_POINT($,#3925);
#1336=VERTEX_POINT($,#3929);
#1337=VERTEX_POINT($,#3931);
#1338=VERTEX_POINT($,#3934);
#1339=VERTEX_POINT($,#3936);
#1340=VERTEX_POINT($,#3939);
#1341=VERTEX_POINT($,#3942);
#1342=VERTEX_POINT($,#3946);
#1343=VERTEX_POINT($,#3950);
#1344=VERTEX_POINT($,#3954);
#1345=VERTEX_POINT($,#3957);
#1346=VERTEX_POINT($,#3960);
#1347=VERTEX_POINT($,#3963);
#1348=VERTEX_POINT($,#3971);
#1349=VERTEX_POINT($,#3975);
#1350=VERTEX_POINT($,#3976);
#1351=VERTEX_POINT($,#3978);
#1352=VERTEX_POINT($,#3980);
#1353=VERTEX_POINT($,#3984);
#1354=VERTEX_POINT($,#3985);
#1355=VERTEX_POINT($,#3987);
#1356=VERTEX_POINT($,#3989);
#1357=VERTEX_POINT($,#4001);
#1358=VERTEX_POINT($,#4002);
#1359=VERTEX_POINT($,#4004);
#1360=VERTEX_POINT($,#4006);
#1361=VERTEX_POINT($,#4010);
#1362=VERTEX_POINT($,#4011);
#1363=VERTEX_POINT($,#4013);
#1364=VERTEX_POINT($,#4015);
#1365=VERTEX_POINT($,#4027);
#1366=VERTEX_POINT($,#4029);
#1367=EDGE_CURVE($,#1151,#1151,#1063,.T.);
#1368=EDGE_CURVE($,#1152,#1152,#1064,.T.);
#1369=EDGE_CURVE($,#1153,#1153,#1065,.T.);
#1370=EDGE_CURVE($,#1154,#1154,#1066,.T.);
#1371=EDGE_CURVE($,#1155,#1155,#1067,.T.);
#1372=EDGE_CURVE($,#1156,#1156,#1068,.T.);
#1373=EDGE_CURVE($,#1157,#1157,#1069,.T.);
#1374=EDGE_CURVE($,#1158,#1158,#1070,.T.);
#1375=EDGE_CURVE($,#1159,#1160,#33,.T.);
#1376=EDGE_CURVE($,#1160,#1161,#34,.T.);
#1377=EDGE_CURVE($,#1161,#1162,#35,.T.);
#1378=EDGE_CURVE($,#1162,#1159,#36,.T.);
#1379=EDGE_CURVE($,#1163,#1164,#37,.T.);
#1380=EDGE_CURVE($,#1164,#1165,#38,.T.);
#1381=EDGE_CURVE($,#1165,#1166,#39,.T.);
#1382=EDGE_CURVE($,#1166,#1163,#40,.T.);
#1383=EDGE_CURVE($,#1162,#1165,#41,.T.);
#1384=EDGE_CURVE($,#1159,#1164,#42,.T.);
#1385=EDGE_CURVE($,#1161,#1166,#43,.T.);
#1386=EDGE_CURVE($,#1160,#1163,#44,.T.);
#1387=EDGE_CURVE($,#1167,#1167,#1071,.T.);
#1388=EDGE_CURVE($,#1168,#1168,#1072,.T.);
#1389=EDGE_CURVE($,#1169,#1169,#1073,.T.);
#1390=EDGE_CURVE($,#1170,#1170,#1074,.T.);
#1391=EDGE_CURVE($,#1171,#1171,#1075,.T.);
#1392=EDGE_CURVE($,#1172,#1172,#1076,.T.);
#1393=EDGE_CURVE($,#1173,#1174,#45,.T.);
#1394=EDGE_CURVE($,#1174,#1175,#46,.T.);
#1395=EDGE_CURVE($,#1175,#1176,#47,.T.);
#1396=EDGE_CURVE($,#1176,#1173,#48,.T.);
#1397=EDGE_CURVE($,#1177,#1178,#49,.F.);
#1398=EDGE_CURVE($,#1178,#1179,#50,.T.);
#1399=EDGE_CURVE($,#1179,#1180,#51,.T.);
#1400=EDGE_CURVE($,#1180,#1177,#52,.T.);
#1401=EDGE_CURVE($,#1176,#1179,#53,.T.);
#1402=EDGE_CURVE($,#1173,#1178,#54,.T.);
#1403=EDGE_CURVE($,#1175,#1180,#55,.T.);
#1404=EDGE_CURVE($,#1174,#1177,#56,.F.);
#1405=EDGE_CURVE($,#1181,#1181,#1077,.T.);
#1406=EDGE_CURVE($,#1182,#1182,#1078,.T.);
#1407=EDGE_CURVE($,#1183,#1183,#1079,.T.);
#1408=EDGE_CURVE($,#1184,#1184,#1080,.T.);
#1409=EDGE_CURVE($,#1185,#1185,#1081,.T.);
#1410=EDGE_CURVE($,#1186,#1186,#1082,.T.);
#1411=EDGE_CURVE($,#1187,#1188,#57,.T.);
#1412=EDGE_CURVE($,#1188,#1189,#58,.T.);
#1413=EDGE_CURVE($,#1189,#1190,#59,.T.);
#1414=EDGE_CURVE($,#1190,#1187,#60,.T.);
#1415=EDGE_CURVE($,#1191,#1192,#61,.F.);
#1416=EDGE_CURVE($,#1192,#1193,#62,.T.);
#1417=EDGE_CURVE($,#1193,#1194,#63,.T.);
#1418=EDGE_CURVE($,#1194,#1191,#64,.T.);
#1419=EDGE_CURVE($,#1190,#1193,#65,.T.);
#1420=EDGE_CURVE($,#1187,#1192,#66,.T.);
#1421=EDGE_CURVE($,#1189,#1194,#67,.T.);
#1422=EDGE_CURVE($,#1188,#1191,#68,.F.);
#1423=EDGE_CURVE($,#1195,#1195,#1083,.T.);
#1424=EDGE_CURVE($,#1196,#1196,#1084,.T.);
#1425=EDGE_CURVE($,#1197,#1197,#1085,.T.);
#1426=EDGE_CURVE($,#1198,#1198,#1086,.T.);
#1427=EDGE_CURVE($,#1199,#1199,#1087,.T.);
#1428=EDGE_CURVE($,#1200,#1200,#1088,.T.);
#1429=EDGE_CURVE($,#1201,#1202,#69,.T.);
#1430=EDGE_CURVE($,#1202,#1203,#70,.T.);
#1431=EDGE_CURVE($,#1203,#1204,#71,.T.);
#1432=EDGE_CURVE($,#1204,#1201,#72,.T.);
#1433=EDGE_CURVE($,#1205,#1206,#73,.F.);
#1434=EDGE_CURVE($,#1206,#1207,#74,.T.);
#1435=EDGE_CURVE($,#1207,#1208,#75,.T.);
#1436=EDGE_CURVE($,#1208,#1205,#76,.T.);
#1437=EDGE_CURVE($,#1204,#1207,#77,.T.);
#1438=EDGE_CURVE($,#1201,#1206,#78,.T.);
#1439=EDGE_CURVE($,#1203,#1208,#79,.T.);
#1440=EDGE_CURVE($,#1202,#1205,#80,.F.);
#1441=EDGE_CURVE($,#1209,#1209,#1089,.T.);
#1442=EDGE_CURVE($,#1210,#1210,#1090,.T.);
#1443=EDGE_CURVE($,#1211,#1211,#1091,.T.);
#1444=EDGE_CURVE($,#1212,#1212,#1092,.T.);
#1445=EDGE_CURVE($,#1213,#1213,#1093,.T.);
#1446=EDGE_CURVE($,#1214,#1214,#1094,.T.);
#1447=EDGE_CURVE($,#1215,#1215,#1095,.T.);
#1448=EDGE_CURVE($,#1216,#1216,#1096,.T.);
#1449=EDGE_CURVE($,#1217,#1217,#1097,.T.);
#1450=EDGE_CURVE($,#1218,#1218,#1098,.T.);
#1451=EDGE_CURVE($,#1219,#1220,#81,.T.);
#1452=EDGE_CURVE($,#1220,#1221,#82,.T.);
#1453=EDGE_CURVE($,#1221,#1222,#83,.T.);
#1454=EDGE_CURVE($,#1222,#1219,#84,.T.);
#1455=EDGE_CURVE($,#1223,#1224,#85,.F.);
#1456=EDGE_CURVE($,#1224,#1225,#86,.T.);
#1457=EDGE_CURVE($,#1225,#1226,#87,.T.);
#1458=EDGE_CURVE($,#1226,#1223,#88,.T.);
#1459=EDGE_CURVE($,#1222,#1225,#89,.T.);
#1460=EDGE_CURVE($,#1219,#1224,#90,.T.);
#1461=EDGE_CURVE($,#1221,#1226,#91,.T.);
#1462=EDGE_CURVE($,#1220,#1223,#92,.F.);
#1463=EDGE_CURVE($,#1227,#1227,#1099,.T.);
#1464=EDGE_CURVE($,#1228,#1228,#1100,.T.);
#1465=EDGE_CURVE($,#1229,#1229,#1101,.T.);
#1466=EDGE_CURVE($,#1230,#1230,#1102,.T.);
#1467=EDGE_CURVE($,#1231,#1231,#1103,.T.);
#1468=EDGE_CURVE($,#1232,#1232,#1104,.T.);
#1469=EDGE_CURVE($,#1233,#1234,#93,.F.);
#1470=EDGE_CURVE($,#1234,#1235,#94,.F.);
#1471=EDGE_CURVE($,#1235,#1236,#95,.F.);
#1472=EDGE_CURVE($,#1236,#1233,#96,.F.);
#1473=EDGE_CURVE($,#1237,#1238,#97,.T.);
#1474=EDGE_CURVE($,#1238,#1239,#98,.T.);
#1475=EDGE_CURVE($,#1239,#1240,#99,.T.);
#1476=EDGE_CURVE($,#1240,#1237,#100,.T.);
#1477=EDGE_CURVE($,#1236,#1239,#101,.T.);
#1478=EDGE_CURVE($,#1233,#1238,#102,.T.);
#1479=EDGE_CURVE($,#1235,#1240,#103,.T.);
#1480=EDGE_CURVE($,#1234,#1237,#104,.T.);
#1481=EDGE_CURVE($,#1241,#1241,#1105,.T.);
#1482=EDGE_CURVE($,#1242,#1242,#1106,.T.);
#1483=EDGE_CURVE($,#1243,#1243,#1107,.T.);
#1484=EDGE_CURVE($,#1244,#1244,#1108,.T.);
#1485=EDGE_CURVE($,#1245,#1245,#1109,.T.);
#1486=EDGE_CURVE($,#1246,#1246,#1110,.T.);
#1487=EDGE_CURVE($,#1247,#1248,#105,.F.);
#1488=EDGE_CURVE($,#1248,#1249,#106,.F.);
#1489=EDGE_CURVE($,#1249,#1250,#107,.F.);
#1490=EDGE_CURVE($,#1250,#1247,#108,.F.);
#1491=EDGE_CURVE($,#1251,#1252,#109,.T.);
#1492=EDGE_CURVE($,#1252,#1253,#110,.T.);
#1493=EDGE_CURVE($,#1253,#1254,#111,.T.);
#1494=EDGE_CURVE($,#1254,#1251,#112,.T.);
#1495=EDGE_CURVE($,#1250,#1253,#113,.T.);
#1496=EDGE_CURVE($,#1247,#1252,#114,.T.);
#1497=EDGE_CURVE($,#1249,#1254,#115,.T.);
#1498=EDGE_CURVE($,#1248,#1251,#116,.T.);
#1499=EDGE_CURVE($,#1255,#1256,#117,.T.);
#1500=EDGE_CURVE($,#1256,#1257,#118,.T.);
#1501=EDGE_CURVE($,#1257,#1258,#119,.T.);
#1502=EDGE_CURVE($,#1258,#1255,#120,.T.);
#1503=EDGE_CURVE($,#1259,#1260,#121,.F.);
#1504=EDGE_CURVE($,#1260,#1261,#122,.T.);
#1505=EDGE_CURVE($,#1261,#1262,#123,.F.);
#1506=EDGE_CURVE($,#1262,#1259,#124,.T.);
#1507=EDGE_CURVE($,#1258,#1261,#125,.F.);
#1508=EDGE_CURVE($,#1255,#1260,#126,.T.);
#1509=EDGE_CURVE($,#1257,#1262,#127,.T.);
#1510=EDGE_CURVE($,#1256,#1259,#128,.F.);
#1511=EDGE_CURVE($,#1263,#1263,#1111,.T.);
#1512=EDGE_CURVE($,#1264,#1264,#1112,.T.);
#1513=EDGE_CURVE($,#1265,#1265,#1113,.T.);
#1514=EDGE_CURVE($,#1266,#1266,#1114,.T.);
#1515=EDGE_CURVE($,#1267,#1268,#129,.T.);
#1516=EDGE_CURVE($,#1268,#1269,#130,.T.);
#1517=EDGE_CURVE($,#1269,#1270,#131,.T.);
#1518=EDGE_CURVE($,#1270,#1267,#132,.T.);
#1519=EDGE_CURVE($,#1271,#1272,#133,.T.);
#1520=EDGE_CURVE($,#1272,#1273,#134,.T.);
#1521=EDGE_CURVE($,#1273,#1274,#135,.T.);
#1522=EDGE_CURVE($,#1274,#1271,#136,.T.);
#1523=EDGE_CURVE($,#1270,#1273,#137,.T.);
#1524=EDGE_CURVE($,#1267,#1272,#138,.T.);
#1525=EDGE_CURVE($,#1269,#1274,#139,.T.);
#1526=EDGE_CURVE($,#1268,#1271,#140,.T.);
#1527=EDGE_CURVE($,#1275,#1275,#1115,.T.);
#1528=EDGE_CURVE($,#1276,#1276,#1116,.T.);
#1529=EDGE_CURVE($,#1277,#1277,#1117,.T.);
#1530=EDGE_CURVE($,#1278,#1278,#1118,.T.);
#1531=EDGE_CURVE($,#1279,#1280,#141,.T.);
#1532=EDGE_CURVE($,#1280,#1281,#142,.T.);
#1533=EDGE_CURVE($,#1281,#1282,#143,.T.);
#1534=EDGE_CURVE($,#1282,#1279,#144,.T.);
#1535=EDGE_CURVE($,#1283,#1284,#145,.T.);
#1536=EDGE_CURVE($,#1284,#1285,#146,.T.);
#1537=EDGE_CURVE($,#1285,#1286,#147,.T.);
#1538=EDGE_CURVE($,#1286,#1283,#148,.T.);
#1539=EDGE_CURVE($,#1282,#1285,#149,.T.);
#1540=EDGE_CURVE($,#1279,#1284,#150,.T.);
#1541=EDGE_CURVE($,#1281,#1286,#151,.T.);
#1542=EDGE_CURVE($,#1280,#1283,#152,.T.);
#1543=EDGE_CURVE($,#1287,#1287,#1119,.T.);
#1544=EDGE_CURVE($,#1288,#1288,#1120,.T.);
#1545=EDGE_CURVE($,#1289,#1289,#1121,.T.);
#1546=EDGE_CURVE($,#1290,#1290,#1122,.T.);
#1547=EDGE_CURVE($,#1291,#1291,#1123,.T.);
#1548=EDGE_CURVE($,#1292,#1292,#1124,.T.);
#1549=EDGE_CURVE($,#1293,#1293,#1125,.T.);
#1550=EDGE_CURVE($,#1294,#1294,#1126,.T.);
#1551=EDGE_CURVE($,#1295,#1296,#1127,.T.);
#1552=EDGE_CURVE($,#1296,#1297,#153,.F.);
#1553=EDGE_CURVE($,#1297,#1298,#154,.F.);
#1554=EDGE_CURVE($,#1298,#1295,#155,.F.);
#1555=EDGE_CURVE($,#1296,#1295,#1128,.T.);
#1556=EDGE_CURVE($,#1295,#1299,#156,.F.);
#1557=EDGE_CURVE($,#1299,#1300,#157,.F.);
#1558=EDGE_CURVE($,#1300,#1296,#158,.F.);
#1559=EDGE_CURVE($,#1301,#1302,#159,.T.);
#1560=EDGE_CURVE($,#1301,#1303,#160,.T.);
#1561=EDGE_CURVE($,#1304,#1303,#161,.T.);
#1562=EDGE_CURVE($,#1302,#1304,#162,.T.);
#1563=EDGE_CURVE($,#1305,#1305,#1129,.T.);
#1564=EDGE_CURVE($,#1306,#1306,#1130,.T.);
#1565=EDGE_CURVE($,#1307,#1301,#163,.T.);
#1566=EDGE_CURVE($,#1308,#1307,#164,.T.);
#1567=EDGE_CURVE($,#1303,#1308,#165,.T.);
#1568=EDGE_CURVE($,#1309,#1307,#166,.T.);
#1569=EDGE_CURVE($,#1310,#1309,#167,.T.);
#1570=EDGE_CURVE($,#1308,#1310,#168,.T.);
#1571=EDGE_CURVE($,#1311,#1311,#1131,.T.);
#1572=EDGE_CURVE($,#1312,#1312,#1132,.T.);
#1573=EDGE_CURVE($,#1313,#1310,#169,.T.);
#1574=EDGE_CURVE($,#1300,#1313,#170,.T.);
#1575=EDGE_CURVE($,#1299,#1314,#171,.T.);
#1576=EDGE_CURVE($,#1304,#1314,#172,.T.);
#1577=EDGE_CURVE($,#1309,#1315,#173,.F.);
#1578=EDGE_CURVE($,#1315,#1313,#174,.T.);
#1579=EDGE_CURVE($,#1314,#1316,#175,.T.);
#1580=EDGE_CURVE($,#1316,#1302,#176,.F.);
#1581=EDGE_CURVE($,#1317,#1317,#1133,.T.);
#1582=EDGE_CURVE($,#1318,#1318,#1134,.T.);
#1583=EDGE_CURVE($,#1319,#1319,#1135,.T.);
#1584=EDGE_CURVE($,#1320,#1320,#1136,.T.);
#1585=EDGE_CURVE($,#1298,#1316,#177,.F.);
#1586=EDGE_CURVE($,#1297,#1315,#178,.T.);
#1587=EDGE_CURVE($,#1321,#1321,#1137,.T.);
#1588=EDGE_CURVE($,#1322,#1323,#1138,.T.);
#1589=EDGE_CURVE($,#1323,#1324,#179,.F.);
#1590=EDGE_CURVE($,#1324,#1325,#180,.F.);
#1591=EDGE_CURVE($,#1325,#1322,#181,.F.);
#1592=EDGE_CURVE($,#1323,#1322,#1139,.T.);
#1593=EDGE_CURVE($,#1322,#1326,#182,.F.);
#1594=EDGE_CURVE($,#1326,#1327,#183,.F.);
#1595=EDGE_CURVE($,#1327,#1323,#184,.F.);
#1596=EDGE_CURVE($,#1328,#1329,#185,.T.);
#1597=EDGE_CURVE($,#1328,#1330,#186,.T.);
#1598=EDGE_CURVE($,#1331,#1330,#187,.T.);
#1599=EDGE_CURVE($,#1329,#1331,#188,.T.);
#1600=EDGE_CURVE($,#1332,#1332,#1140,.T.);
#1601=EDGE_CURVE($,#1333,#1333,#1141,.T.);
#1602=EDGE_CURVE($,#1334,#1328,#189,.T.);
#1603=EDGE_CURVE($,#1335,#1334,#190,.T.);
#1604=EDGE_CURVE($,#1330,#1335,#191,.T.);
#1605=EDGE_CURVE($,#1336,#1334,#192,.T.);
#1606=EDGE_CURVE($,#1337,#1336,#193,.T.);
#1607=EDGE_CURVE($,#1335,#1337,#194,.T.);
#1608=EDGE_CURVE($,#1338,#1338,#1142,.T.);
#1609=EDGE_CURVE($,#1339,#1339,#1143,.T.);
#1610=EDGE_CURVE($,#1340,#1337,#195,.T.);
#1611=EDGE_CURVE($,#1327,#1340,#196,.T.);
#1612=EDGE_CURVE($,#1326,#1341,#197,.T.);
#1613=EDGE_CURVE($,#1331,#1341,#198,.T.);
#1614=EDGE_CURVE($,#1336,#1342,#199,.F.);
#1615=EDGE_CURVE($,#1342,#1340,#200,.T.);
#1616=EDGE_CURVE($,#1341,#1343,#201,.T.);
#1617=EDGE_CURVE($,#1343,#1329,#202,.F.);
#1618=EDGE_CURVE($,#1344,#1344,#1144,.T.);
#1619=EDGE_CURVE($,#1345,#1345,#1145,.T.);
#1620=EDGE_CURVE($,#1346,#1346,#1146,.T.);
#1621=EDGE_CURVE($,#1347,#1347,#1147,.T.);
#1622=EDGE_CURVE($,#1325,#1343,#203,.F.);
#1623=EDGE_CURVE($,#1324,#1342,#204,.T.);
#1624=EDGE_CURVE($,#1348,#1348,#1148,.T.);
#1625=EDGE_CURVE($,#1349,#1350,#205,.F.);
#1626=EDGE_CURVE($,#1350,#1351,#206,.F.);
#1627=EDGE_CURVE($,#1351,#1352,#207,.F.);
#1628=EDGE_CURVE($,#1352,#1349,#208,.F.);
#1629=EDGE_CURVE($,#1353,#1354,#209,.T.);
#1630=EDGE_CURVE($,#1354,#1355,#210,.T.);
#1631=EDGE_CURVE($,#1355,#1356,#211,.F.);
#1632=EDGE_CURVE($,#1356,#1353,#212,.T.);
#1633=EDGE_CURVE($,#1352,#1355,#213,.F.);
#1634=EDGE_CURVE($,#1349,#1354,#214,.T.);
#1635=EDGE_CURVE($,#1351,#1356,#215,.T.);
#1636=EDGE_CURVE($,#1350,#1353,#216,.T.);
#1637=EDGE_CURVE($,#1357,#1358,#217,.F.);
#1638=EDGE_CURVE($,#1358,#1359,#218,.F.);
#1639=EDGE_CURVE($,#1359,#1360,#219,.F.);
#1640=EDGE_CURVE($,#1360,#1357,#220,.F.);
#1641=EDGE_CURVE($,#1361,#1362,#221,.T.);
#1642=EDGE_CURVE($,#1362,#1363,#222,.T.);
#1643=EDGE_CURVE($,#1363,#1364,#223,.F.);
#1644=EDGE_CURVE($,#1364,#1361,#224,.T.);
#1645=EDGE_CURVE($,#1360,#1363,#225,.F.);
#1646=EDGE_CURVE($,#1357,#1362,#226,.T.);
#1647=EDGE_CURVE($,#1359,#1364,#227,.T.);
#1648=EDGE_CURVE($,#1358,#1361,#228,.T.);
#1649=EDGE_CURVE($,#1365,#1365,#1149,.T.);
#1650=EDGE_CURVE($,#1366,#1366,#1150,.T.);
#1651=ORIENTED_EDGE($,*,*,#1367,.F.);
#1652=ORIENTED_EDGE($,*,*,#1368,.F.);
#1653=ORIENTED_EDGE($,*,*,#1369,.F.);
#1654=ORIENTED_EDGE($,*,*,#1370,.F.);
#1655=ORIENTED_EDGE($,*,*,#1371,.F.);
#1656=ORIENTED_EDGE($,*,*,#1372,.F.);
#1657=ORIENTED_EDGE($,*,*,#1373,.F.);
#1658=ORIENTED_EDGE($,*,*,#1374,.F.);
#1659=ORIENTED_EDGE($,*,*,#1367,.T.);
#1660=ORIENTED_EDGE($,*,*,#1369,.T.);
#1661=ORIENTED_EDGE($,*,*,#1371,.T.);
#1662=ORIENTED_EDGE($,*,*,#1373,.T.);
#1663=ORIENTED_EDGE($,*,*,#1375,.T.);
#1664=ORIENTED_EDGE($,*,*,#1376,.T.);
#1665=ORIENTED_EDGE($,*,*,#1377,.T.);
#1666=ORIENTED_EDGE($,*,*,#1378,.T.);
#1667=ORIENTED_EDGE($,*,*,#1368,.T.);
#1668=ORIENTED_EDGE($,*,*,#1370,.T.);
#1669=ORIENTED_EDGE($,*,*,#1372,.T.);
#1670=ORIENTED_EDGE($,*,*,#1374,.T.);
#1671=ORIENTED_EDGE($,*,*,#1379,.T.);
#1672=ORIENTED_EDGE($,*,*,#1380,.T.);
#1673=ORIENTED_EDGE($,*,*,#1381,.T.);
#1674=ORIENTED_EDGE($,*,*,#1382,.T.);
#1675=ORIENTED_EDGE($,*,*,#1383,.T.);
#1676=ORIENTED_EDGE($,*,*,#1380,.F.);
#1677=ORIENTED_EDGE($,*,*,#1384,.F.);
#1678=ORIENTED_EDGE($,*,*,#1378,.F.);
#1679=ORIENTED_EDGE($,*,*,#1385,.T.);
#1680=ORIENTED_EDGE($,*,*,#1381,.F.);
#1681=ORIENTED_EDGE($,*,*,#1383,.F.);
#1682=ORIENTED_EDGE($,*,*,#1377,.F.);
#1683=ORIENTED_EDGE($,*,*,#1386,.T.);
#1684=ORIENTED_EDGE($,*,*,#1382,.F.);
#1685=ORIENTED_EDGE($,*,*,#1385,.F.);
#1686=ORIENTED_EDGE($,*,*,#1376,.F.);
#1687=ORIENTED_EDGE($,*,*,#1384,.T.);
#1688=ORIENTED_EDGE($,*,*,#1379,.F.);
#1689=ORIENTED_EDGE($,*,*,#1386,.F.);
#1690=ORIENTED_EDGE($,*,*,#1375,.F.);
#1691=ORIENTED_EDGE($,*,*,#1387,.F.);
#1692=ORIENTED_EDGE($,*,*,#1388,.F.);
#1693=ORIENTED_EDGE($,*,*,#1389,.F.);
#1694=ORIENTED_EDGE($,*,*,#1390,.F.);
#1695=ORIENTED_EDGE($,*,*,#1391,.F.);
#1696=ORIENTED_EDGE($,*,*,#1392,.F.);
#1697=ORIENTED_EDGE($,*,*,#1387,.T.);
#1698=ORIENTED_EDGE($,*,*,#1389,.T.);
#1699=ORIENTED_EDGE($,*,*,#1391,.T.);
#1700=ORIENTED_EDGE($,*,*,#1393,.T.);
#1701=ORIENTED_EDGE($,*,*,#1394,.T.);
#1702=ORIENTED_EDGE($,*,*,#1395,.T.);
#1703=ORIENTED_EDGE($,*,*,#1396,.T.);
#1704=ORIENTED_EDGE($,*,*,#1388,.T.);
#1705=ORIENTED_EDGE($,*,*,#1390,.T.);
#1706=ORIENTED_EDGE($,*,*,#1392,.T.);
#1707=ORIENTED_EDGE($,*,*,#1397,.T.);
#1708=ORIENTED_EDGE($,*,*,#1398,.T.);
#1709=ORIENTED_EDGE($,*,*,#1399,.T.);
#1710=ORIENTED_EDGE($,*,*,#1400,.T.);
#1711=ORIENTED_EDGE($,*,*,#1401,.T.);
#1712=ORIENTED_EDGE($,*,*,#1398,.F.);
#1713=ORIENTED_EDGE($,*,*,#1402,.F.);
#1714=ORIENTED_EDGE($,*,*,#1396,.F.);
#1715=ORIENTED_EDGE($,*,*,#1403,.T.);
#1716=ORIENTED_EDGE($,*,*,#1399,.F.);
#1717=ORIENTED_EDGE($,*,*,#1401,.F.);
#1718=ORIENTED_EDGE($,*,*,#1395,.F.);
#1719=ORIENTED_EDGE($,*,*,#1404,.T.);
#1720=ORIENTED_EDGE($,*,*,#1400,.F.);
#1721=ORIENTED_EDGE($,*,*,#1403,.F.);
#1722=ORIENTED_EDGE($,*,*,#1394,.F.);
#1723=ORIENTED_EDGE($,*,*,#1402,.T.);
#1724=ORIENTED_EDGE($,*,*,#1397,.F.);
#1725=ORIENTED_EDGE($,*,*,#1404,.F.);
#1726=ORIENTED_EDGE($,*,*,#1393,.F.);
#1727=ORIENTED_EDGE($,*,*,#1405,.F.);
#1728=ORIENTED_EDGE($,*,*,#1406,.F.);
#1729=ORIENTED_EDGE($,*,*,#1407,.F.);
#1730=ORIENTED_EDGE($,*,*,#1408,.F.);
#1731=ORIENTED_EDGE($,*,*,#1409,.F.);
#1732=ORIENTED_EDGE($,*,*,#1410,.F.);
#1733=ORIENTED_EDGE($,*,*,#1405,.T.);
#1734=ORIENTED_EDGE($,*,*,#1407,.T.);
#1735=ORIENTED_EDGE($,*,*,#1409,.T.);
#1736=ORIENTED_EDGE($,*,*,#1411,.T.);
#1737=ORIENTED_EDGE($,*,*,#1412,.T.);
#1738=ORIENTED_EDGE($,*,*,#1413,.T.);
#1739=ORIENTED_EDGE($,*,*,#1414,.T.);
#1740=ORIENTED_EDGE($,*,*,#1406,.T.);
#1741=ORIENTED_EDGE($,*,*,#1408,.T.);
#1742=ORIENTED_EDGE($,*,*,#1410,.T.);
#1743=ORIENTED_EDGE($,*,*,#1415,.T.);
#1744=ORIENTED_EDGE($,*,*,#1416,.T.);
#1745=ORIENTED_EDGE($,*,*,#1417,.T.);
#1746=ORIENTED_EDGE($,*,*,#1418,.T.);
#1747=ORIENTED_EDGE($,*,*,#1419,.T.);
#1748=ORIENTED_EDGE($,*,*,#1416,.F.);
#1749=ORIENTED_EDGE($,*,*,#1420,.F.);
#1750=ORIENTED_EDGE($,*,*,#1414,.F.);
#1751=ORIENTED_EDGE($,*,*,#1421,.T.);
#1752=ORIENTED_EDGE($,*,*,#1417,.F.);
#1753=ORIENTED_EDGE($,*,*,#1419,.F.);
#1754=ORIENTED_EDGE($,*,*,#1413,.F.);
#1755=ORIENTED_EDGE($,*,*,#1422,.T.);
#1756=ORIENTED_EDGE($,*,*,#1418,.F.);
#1757=ORIENTED_EDGE($,*,*,#1421,.F.);
#1758=ORIENTED_EDGE($,*,*,#1412,.F.);
#1759=ORIENTED_EDGE($,*,*,#1420,.T.);
#1760=ORIENTED_EDGE($,*,*,#1415,.F.);
#1761=ORIENTED_EDGE($,*,*,#1422,.F.);
#1762=ORIENTED_EDGE($,*,*,#1411,.F.);
#1763=ORIENTED_EDGE($,*,*,#1423,.F.);
#1764=ORIENTED_EDGE($,*,*,#1424,.F.);
#1765=ORIENTED_EDGE($,*,*,#1425,.F.);
#1766=ORIENTED_EDGE($,*,*,#1426,.F.);
#1767=ORIENTED_EDGE($,*,*,#1427,.F.);
#1768=ORIENTED_EDGE($,*,*,#1428,.F.);
#1769=ORIENTED_EDGE($,*,*,#1423,.T.);
#1770=ORIENTED_EDGE($,*,*,#1425,.T.);
#1771=ORIENTED_EDGE($,*,*,#1427,.T.);
#1772=ORIENTED_EDGE($,*,*,#1429,.T.);
#1773=ORIENTED_EDGE($,*,*,#1430,.T.);
#1774=ORIENTED_EDGE($,*,*,#1431,.T.);
#1775=ORIENTED_EDGE($,*,*,#1432,.T.);
#1776=ORIENTED_EDGE($,*,*,#1424,.T.);
#1777=ORIENTED_EDGE($,*,*,#1426,.T.);
#1778=ORIENTED_EDGE($,*,*,#1428,.T.);
#1779=ORIENTED_EDGE($,*,*,#1433,.T.);
#1780=ORIENTED_EDGE($,*,*,#1434,.T.);
#1781=ORIENTED_EDGE($,*,*,#1435,.T.);
#1782=ORIENTED_EDGE($,*,*,#1436,.T.);
#1783=ORIENTED_EDGE($,*,*,#1437,.T.);
#1784=ORIENTED_EDGE($,*,*,#1434,.F.);
#1785=ORIENTED_EDGE($,*,*,#1438,.F.);
#1786=ORIENTED_EDGE($,*,*,#1432,.F.);
#1787=ORIENTED_EDGE($,*,*,#1439,.T.);
#1788=ORIENTED_EDGE($,*,*,#1435,.F.);
#1789=ORIENTED_EDGE($,*,*,#1437,.F.);
#1790=ORIENTED_EDGE($,*,*,#1431,.F.);
#1791=ORIENTED_EDGE($,*,*,#1440,.T.);
#1792=ORIENTED_EDGE($,*,*,#1436,.F.);
#1793=ORIENTED_EDGE($,*,*,#1439,.F.);
#1794=ORIENTED_EDGE($,*,*,#1430,.F.);
#1795=ORIENTED_EDGE($,*,*,#1438,.T.);
#1796=ORIENTED_EDGE($,*,*,#1433,.F.);
#1797=ORIENTED_EDGE($,*,*,#1440,.F.);
#1798=ORIENTED_EDGE($,*,*,#1429,.F.);
#1799=ORIENTED_EDGE($,*,*,#1441,.F.);
#1800=ORIENTED_EDGE($,*,*,#1442,.F.);
#1801=ORIENTED_EDGE($,*,*,#1441,.T.);
#1802=ORIENTED_EDGE($,*,*,#1442,.T.);
#1803=ORIENTED_EDGE($,*,*,#1443,.F.);
#1804=ORIENTED_EDGE($,*,*,#1444,.F.);
#1805=ORIENTED_EDGE($,*,*,#1443,.T.);
#1806=ORIENTED_EDGE($,*,*,#1444,.T.);
#1807=ORIENTED_EDGE($,*,*,#1445,.F.);
#1808=ORIENTED_EDGE($,*,*,#1446,.F.);
#1809=ORIENTED_EDGE($,*,*,#1447,.F.);
#1810=ORIENTED_EDGE($,*,*,#1448,.F.);
#1811=ORIENTED_EDGE($,*,*,#1449,.F.);
#1812=ORIENTED_EDGE($,*,*,#1450,.F.);
#1813=ORIENTED_EDGE($,*,*,#1445,.T.);
#1814=ORIENTED_EDGE($,*,*,#1447,.T.);
#1815=ORIENTED_EDGE($,*,*,#1449,.T.);
#1816=ORIENTED_EDGE($,*,*,#1451,.T.);
#1817=ORIENTED_EDGE($,*,*,#1452,.T.);
#1818=ORIENTED_EDGE($,*,*,#1453,.T.);
#1819=ORIENTED_EDGE($,*,*,#1454,.T.);
#1820=ORIENTED_EDGE($,*,*,#1446,.T.);
#1821=ORIENTED_EDGE($,*,*,#1448,.T.);
#1822=ORIENTED_EDGE($,*,*,#1450,.T.);
#1823=ORIENTED_EDGE($,*,*,#1455,.T.);
#1824=ORIENTED_EDGE($,*,*,#1456,.T.);
#1825=ORIENTED_EDGE($,*,*,#1457,.T.);
#1826=ORIENTED_EDGE($,*,*,#1458,.T.);
#1827=ORIENTED_EDGE($,*,*,#1459,.T.);
#1828=ORIENTED_EDGE($,*,*,#1456,.F.);
#1829=ORIENTED_EDGE($,*,*,#1460,.F.);
#1830=ORIENTED_EDGE($,*,*,#1454,.F.);
#1831=ORIENTED_EDGE($,*,*,#1461,.T.);
#1832=ORIENTED_EDGE($,*,*,#1457,.F.);
#1833=ORIENTED_EDGE($,*,*,#1459,.F.);
#1834=ORIENTED_EDGE($,*,*,#1453,.F.);
#1835=ORIENTED_EDGE($,*,*,#1462,.T.);
#1836=ORIENTED_EDGE($,*,*,#1458,.F.);
#1837=ORIENTED_EDGE($,*,*,#1461,.F.);
#1838=ORIENTED_EDGE($,*,*,#1452,.F.);
#1839=ORIENTED_EDGE($,*,*,#1460,.T.);
#1840=ORIENTED_EDGE($,*,*,#1455,.F.);
#1841=ORIENTED_EDGE($,*,*,#1462,.F.);
#1842=ORIENTED_EDGE($,*,*,#1451,.F.);
#1843=ORIENTED_EDGE($,*,*,#1463,.F.);
#1844=ORIENTED_EDGE($,*,*,#1464,.F.);
#1845=ORIENTED_EDGE($,*,*,#1465,.F.);
#1846=ORIENTED_EDGE($,*,*,#1466,.F.);
#1847=ORIENTED_EDGE($,*,*,#1467,.F.);
#1848=ORIENTED_EDGE($,*,*,#1468,.F.);
#1849=ORIENTED_EDGE($,*,*,#1469,.T.);
#1850=ORIENTED_EDGE($,*,*,#1470,.T.);
#1851=ORIENTED_EDGE($,*,*,#1471,.T.);
#1852=ORIENTED_EDGE($,*,*,#1472,.T.);
#1853=ORIENTED_EDGE($,*,*,#1473,.T.);
#1854=ORIENTED_EDGE($,*,*,#1474,.T.);
#1855=ORIENTED_EDGE($,*,*,#1475,.T.);
#1856=ORIENTED_EDGE($,*,*,#1476,.T.);
#1857=ORIENTED_EDGE($,*,*,#1477,.T.);
#1858=ORIENTED_EDGE($,*,*,#1474,.F.);
#1859=ORIENTED_EDGE($,*,*,#1478,.F.);
#1860=ORIENTED_EDGE($,*,*,#1472,.F.);
#1861=ORIENTED_EDGE($,*,*,#1463,.T.);
#1862=ORIENTED_EDGE($,*,*,#1465,.T.);
#1863=ORIENTED_EDGE($,*,*,#1467,.T.);
#1864=ORIENTED_EDGE($,*,*,#1479,.T.);
#1865=ORIENTED_EDGE($,*,*,#1475,.F.);
#1866=ORIENTED_EDGE($,*,*,#1477,.F.);
#1867=ORIENTED_EDGE($,*,*,#1471,.F.);
#1868=ORIENTED_EDGE($,*,*,#1480,.T.);
#1869=ORIENTED_EDGE($,*,*,#1476,.F.);
#1870=ORIENTED_EDGE($,*,*,#1479,.F.);
#1871=ORIENTED_EDGE($,*,*,#1470,.F.);
#1872=ORIENTED_EDGE($,*,*,#1464,.T.);
#1873=ORIENTED_EDGE($,*,*,#1466,.T.);
#1874=ORIENTED_EDGE($,*,*,#1468,.T.);
#1875=ORIENTED_EDGE($,*,*,#1478,.T.);
#1876=ORIENTED_EDGE($,*,*,#1473,.F.);
#1877=ORIENTED_EDGE($,*,*,#1480,.F.);
#1878=ORIENTED_EDGE($,*,*,#1469,.F.);
#1879=ORIENTED_EDGE($,*,*,#1481,.F.);
#1880=ORIENTED_EDGE($,*,*,#1482,.F.);
#1881=ORIENTED_EDGE($,*,*,#1483,.F.);
#1882=ORIENTED_EDGE($,*,*,#1484,.F.);
#1883=ORIENTED_EDGE($,*,*,#1485,.F.);
#1884=ORIENTED_EDGE($,*,*,#1486,.F.);
#1885=ORIENTED_EDGE($,*,*,#1487,.T.);
#1886=ORIENTED_EDGE($,*,*,#1488,.T.);
#1887=ORIENTED_EDGE($,*,*,#1489,.T.);
#1888=ORIENTED_EDGE($,*,*,#1490,.T.);
#1889=ORIENTED_EDGE($,*,*,#1491,.T.);
#1890=ORIENTED_EDGE($,*,*,#1492,.T.);
#1891=ORIENTED_EDGE($,*,*,#1493,.T.);
#1892=ORIENTED_EDGE($,*,*,#1494,.T.);
#1893=ORIENTED_EDGE($,*,*,#1495,.T.);
#1894=ORIENTED_EDGE($,*,*,#1492,.F.);
#1895=ORIENTED_EDGE($,*,*,#1496,.F.);
#1896=ORIENTED_EDGE($,*,*,#1490,.F.);
#1897=ORIENTED_EDGE($,*,*,#1481,.T.);
#1898=ORIENTED_EDGE($,*,*,#1483,.T.);
#1899=ORIENTED_EDGE($,*,*,#1485,.T.);
#1900=ORIENTED_EDGE($,*,*,#1497,.T.);
#1901=ORIENTED_EDGE($,*,*,#1493,.F.);
#1902=ORIENTED_EDGE($,*,*,#1495,.F.);
#1903=ORIENTED_EDGE($,*,*,#1489,.F.);
#1904=ORIENTED_EDGE($,*,*,#1498,.T.);
#1905=ORIENTED_EDGE($,*,*,#1494,.F.);
#1906=ORIENTED_EDGE($,*,*,#1497,.F.);
#1907=ORIENTED_EDGE($,*,*,#1488,.F.);
#1908=ORIENTED_EDGE($,*,*,#1482,.T.);
#1909=ORIENTED_EDGE($,*,*,#1484,.T.);
#1910=ORIENTED_EDGE($,*,*,#1486,.T.);
#1911=ORIENTED_EDGE($,*,*,#1496,.T.);
#1912=ORIENTED_EDGE($,*,*,#1491,.F.);
#1913=ORIENTED_EDGE($,*,*,#1498,.F.);
#1914=ORIENTED_EDGE($,*,*,#1487,.F.);
#1915=ORIENTED_EDGE($,*,*,#1499,.T.);
#1916=ORIENTED_EDGE($,*,*,#1500,.T.);
#1917=ORIENTED_EDGE($,*,*,#1501,.T.);
#1918=ORIENTED_EDGE($,*,*,#1502,.T.);
#1919=ORIENTED_EDGE($,*,*,#1503,.T.);
#1920=ORIENTED_EDGE($,*,*,#1504,.T.);
#1921=ORIENTED_EDGE($,*,*,#1505,.T.);
#1922=ORIENTED_EDGE($,*,*,#1506,.T.);
#1923=ORIENTED_EDGE($,*,*,#1507,.T.);
#1924=ORIENTED_EDGE($,*,*,#1504,.F.);
#1925=ORIENTED_EDGE($,*,*,#1508,.F.);
#1926=ORIENTED_EDGE($,*,*,#1502,.F.);
#1927=ORIENTED_EDGE($,*,*,#1509,.T.);
#1928=ORIENTED_EDGE($,*,*,#1505,.F.);
#1929=ORIENTED_EDGE($,*,*,#1507,.F.);
#1930=ORIENTED_EDGE($,*,*,#1501,.F.);
#1931=ORIENTED_EDGE($,*,*,#1510,.T.);
#1932=ORIENTED_EDGE($,*,*,#1506,.F.);
#1933=ORIENTED_EDGE($,*,*,#1509,.F.);
#1934=ORIENTED_EDGE($,*,*,#1500,.F.);
#1935=ORIENTED_EDGE($,*,*,#1508,.T.);
#1936=ORIENTED_EDGE($,*,*,#1503,.F.);
#1937=ORIENTED_EDGE($,*,*,#1510,.F.);
#1938=ORIENTED_EDGE($,*,*,#1499,.F.);
#1939=ORIENTED_EDGE($,*,*,#1511,.F.);
#1940=ORIENTED_EDGE($,*,*,#1512,.F.);
#1941=ORIENTED_EDGE($,*,*,#1513,.F.);
#1942=ORIENTED_EDGE($,*,*,#1514,.F.);
#1943=ORIENTED_EDGE($,*,*,#1515,.T.);
#1944=ORIENTED_EDGE($,*,*,#1516,.T.);
#1945=ORIENTED_EDGE($,*,*,#1517,.T.);
#1946=ORIENTED_EDGE($,*,*,#1518,.T.);
#1947=ORIENTED_EDGE($,*,*,#1519,.T.);
#1948=ORIENTED_EDGE($,*,*,#1520,.T.);
#1949=ORIENTED_EDGE($,*,*,#1521,.T.);
#1950=ORIENTED_EDGE($,*,*,#1522,.T.);
#1951=ORIENTED_EDGE($,*,*,#1523,.T.);
#1952=ORIENTED_EDGE($,*,*,#1520,.F.);
#1953=ORIENTED_EDGE($,*,*,#1524,.F.);
#1954=ORIENTED_EDGE($,*,*,#1518,.F.);
#1955=ORIENTED_EDGE($,*,*,#1511,.T.);
#1956=ORIENTED_EDGE($,*,*,#1513,.T.);
#1957=ORIENTED_EDGE($,*,*,#1525,.T.);
#1958=ORIENTED_EDGE($,*,*,#1521,.F.);
#1959=ORIENTED_EDGE($,*,*,#1523,.F.);
#1960=ORIENTED_EDGE($,*,*,#1517,.F.);
#1961=ORIENTED_EDGE($,*,*,#1526,.T.);
#1962=ORIENTED_EDGE($,*,*,#1522,.F.);
#1963=ORIENTED_EDGE($,*,*,#1525,.F.);
#1964=ORIENTED_EDGE($,*,*,#1516,.F.);
#1965=ORIENTED_EDGE($,*,*,#1512,.T.);
#1966=ORIENTED_EDGE($,*,*,#1514,.T.);
#1967=ORIENTED_EDGE($,*,*,#1524,.T.);
#1968=ORIENTED_EDGE($,*,*,#1519,.F.);
#1969=ORIENTED_EDGE($,*,*,#1526,.F.);
#1970=ORIENTED_EDGE($,*,*,#1515,.F.);
#1971=ORIENTED_EDGE($,*,*,#1527,.F.);
#1972=ORIENTED_EDGE($,*,*,#1528,.F.);
#1973=ORIENTED_EDGE($,*,*,#1529,.F.);
#1974=ORIENTED_EDGE($,*,*,#1530,.F.);
#1975=ORIENTED_EDGE($,*,*,#1531,.T.);
#1976=ORIENTED_EDGE($,*,*,#1532,.T.);
#1977=ORIENTED_EDGE($,*,*,#1533,.T.);
#1978=ORIENTED_EDGE($,*,*,#1534,.T.);
#1979=ORIENTED_EDGE($,*,*,#1535,.T.);
#1980=ORIENTED_EDGE($,*,*,#1536,.T.);
#1981=ORIENTED_EDGE($,*,*,#1537,.T.);
#1982=ORIENTED_EDGE($,*,*,#1538,.T.);
#1983=ORIENTED_EDGE($,*,*,#1539,.T.);
#1984=ORIENTED_EDGE($,*,*,#1536,.F.);
#1985=ORIENTED_EDGE($,*,*,#1540,.F.);
#1986=ORIENTED_EDGE($,*,*,#1534,.F.);
#1987=ORIENTED_EDGE($,*,*,#1527,.T.);
#1988=ORIENTED_EDGE($,*,*,#1529,.T.);
#1989=ORIENTED_EDGE($,*,*,#1541,.T.);
#1990=ORIENTED_EDGE($,*,*,#1537,.F.);
#1991=ORIENTED_EDGE($,*,*,#1539,.F.);
#1992=ORIENTED_EDGE($,*,*,#1533,.F.);
#1993=ORIENTED_EDGE($,*,*,#1542,.T.);
#1994=ORIENTED_EDGE($,*,*,#1538,.F.);
#1995=ORIENTED_EDGE($,*,*,#1541,.F.);
#1996=ORIENTED_EDGE($,*,*,#1532,.F.);
#1997=ORIENTED_EDGE($,*,*,#1528,.T.);
#1998=ORIENTED_EDGE($,*,*,#1530,.T.);
#1999=ORIENTED_EDGE($,*,*,#1540,.T.);
#2000=ORIENTED_EDGE($,*,*,#1535,.F.);
#2001=ORIENTED_EDGE($,*,*,#1542,.F.);
#2002=ORIENTED_EDGE($,*,*,#1531,.F.);
#2003=ORIENTED_EDGE($,*,*,#1543,.F.);
#2004=ORIENTED_EDGE($,*,*,#1544,.F.);
#2005=ORIENTED_EDGE($,*,*,#1543,.T.);
#2006=ORIENTED_EDGE($,*,*,#1544,.T.);
#2007=ORIENTED_EDGE($,*,*,#1545,.F.);
#2008=ORIENTED_EDGE($,*,*,#1546,.F.);
#2009=ORIENTED_EDGE($,*,*,#1545,.T.);
#2010=ORIENTED_EDGE($,*,*,#1546,.T.);
#2011=ORIENTED_EDGE($,*,*,#1547,.F.);
#2012=ORIENTED_EDGE($,*,*,#1548,.F.);
#2013=ORIENTED_EDGE($,*,*,#1547,.T.);
#2014=ORIENTED_EDGE($,*,*,#1548,.T.);
#2015=ORIENTED_EDGE($,*,*,#1549,.F.);
#2016=ORIENTED_EDGE($,*,*,#1550,.F.);
#2017=ORIENTED_EDGE($,*,*,#1549,.T.);
#2018=ORIENTED_EDGE($,*,*,#1550,.T.);
#2019=ORIENTED_EDGE($,*,*,#1551,.T.);
#2020=ORIENTED_EDGE($,*,*,#1552,.T.);
#2021=ORIENTED_EDGE($,*,*,#1553,.T.);
#2022=ORIENTED_EDGE($,*,*,#1554,.T.);
#2023=ORIENTED_EDGE($,*,*,#1555,.T.);
#2024=ORIENTED_EDGE($,*,*,#1556,.T.);
#2025=ORIENTED_EDGE($,*,*,#1557,.T.);
#2026=ORIENTED_EDGE($,*,*,#1558,.T.);
#2027=ORIENTED_EDGE($,*,*,#1559,.F.);
#2028=ORIENTED_EDGE($,*,*,#1560,.T.);
#2029=ORIENTED_EDGE($,*,*,#1561,.F.);
#2030=ORIENTED_EDGE($,*,*,#1562,.F.);
#2031=ORIENTED_EDGE($,*,*,#1563,.F.);
#2032=ORIENTED_EDGE($,*,*,#1564,.F.);
#2033=ORIENTED_EDGE($,*,*,#1565,.F.);
#2034=ORIENTED_EDGE($,*,*,#1566,.F.);
#2035=ORIENTED_EDGE($,*,*,#1567,.F.);
#2036=ORIENTED_EDGE($,*,*,#1560,.F.);
#2037=ORIENTED_EDGE($,*,*,#1568,.F.);
#2038=ORIENTED_EDGE($,*,*,#1569,.F.);
#2039=ORIENTED_EDGE($,*,*,#1570,.F.);
#2040=ORIENTED_EDGE($,*,*,#1566,.T.);
#2041=ORIENTED_EDGE($,*,*,#1571,.F.);
#2042=ORIENTED_EDGE($,*,*,#1572,.F.);
#2043=ORIENTED_EDGE($,*,*,#1561,.T.);
#2044=ORIENTED_EDGE($,*,*,#1567,.T.);
#2045=ORIENTED_EDGE($,*,*,#1570,.T.);
#2046=ORIENTED_EDGE($,*,*,#1573,.F.);
#2047=ORIENTED_EDGE($,*,*,#1574,.F.);
#2048=ORIENTED_EDGE($,*,*,#1557,.F.);
#2049=ORIENTED_EDGE($,*,*,#1575,.T.);
#2050=ORIENTED_EDGE($,*,*,#1576,.F.);
#2051=ORIENTED_EDGE($,*,*,#1569,.T.);
#2052=ORIENTED_EDGE($,*,*,#1577,.T.);
#2053=ORIENTED_EDGE($,*,*,#1578,.T.);
#2054=ORIENTED_EDGE($,*,*,#1573,.T.);
#2055=ORIENTED_EDGE($,*,*,#1562,.T.);
#2056=ORIENTED_EDGE($,*,*,#1576,.T.);
#2057=ORIENTED_EDGE($,*,*,#1579,.T.);
#2058=ORIENTED_EDGE($,*,*,#1580,.T.);
#2059=ORIENTED_EDGE($,*,*,#1581,.F.);
#2060=ORIENTED_EDGE($,*,*,#1571,.T.);
#2061=ORIENTED_EDGE($,*,*,#1582,.F.);
#2062=ORIENTED_EDGE($,*,*,#1572,.T.);
#2063=ORIENTED_EDGE($,*,*,#1564,.T.);
#2064=ORIENTED_EDGE($,*,*,#1583,.F.);
#2065=ORIENTED_EDGE($,*,*,#1563,.T.);
#2066=ORIENTED_EDGE($,*,*,#1584,.F.);
#2067=ORIENTED_EDGE($,*,*,#1583,.T.);
#2068=ORIENTED_EDGE($,*,*,#1584,.T.);
#2069=ORIENTED_EDGE($,*,*,#1585,.T.);
#2070=ORIENTED_EDGE($,*,*,#1579,.F.);
#2071=ORIENTED_EDGE($,*,*,#1575,.F.);
#2072=ORIENTED_EDGE($,*,*,#1556,.F.);
#2073=ORIENTED_EDGE($,*,*,#1554,.F.);
#2074=ORIENTED_EDGE($,*,*,#1559,.T.);
#2075=ORIENTED_EDGE($,*,*,#1580,.F.);
#2076=ORIENTED_EDGE($,*,*,#1585,.F.);
#2077=ORIENTED_EDGE($,*,*,#1553,.F.);
#2078=ORIENTED_EDGE($,*,*,#1586,.T.);
#2079=ORIENTED_EDGE($,*,*,#1577,.F.);
#2080=ORIENTED_EDGE($,*,*,#1568,.T.);
#2081=ORIENTED_EDGE($,*,*,#1565,.T.);
#2082=ORIENTED_EDGE($,*,*,#1581,.T.);
#2083=ORIENTED_EDGE($,*,*,#1582,.T.);
#2084=ORIENTED_EDGE($,*,*,#1574,.T.);
#2085=ORIENTED_EDGE($,*,*,#1578,.F.);
#2086=ORIENTED_EDGE($,*,*,#1586,.F.);
#2087=ORIENTED_EDGE($,*,*,#1552,.F.);
#2088=ORIENTED_EDGE($,*,*,#1558,.F.);
#2089=ORIENTED_EDGE($,*,*,#1555,.F.);
#2090=ORIENTED_EDGE($,*,*,#1551,.F.);
#2091=ORIENTED_EDGE($,*,*,#1587,.F.);
#2092=ORIENTED_EDGE($,*,*,#1587,.T.);
#2093=ORIENTED_EDGE($,*,*,#1588,.T.);
#2094=ORIENTED_EDGE($,*,*,#1589,.T.);
#2095=ORIENTED_EDGE($,*,*,#1590,.T.);
#2096=ORIENTED_EDGE($,*,*,#1591,.T.);
#2097=ORIENTED_EDGE($,*,*,#1592,.T.);
#2098=ORIENTED_EDGE($,*,*,#1593,.T.);
#2099=ORIENTED_EDGE($,*,*,#1594,.T.);
#2100=ORIENTED_EDGE($,*,*,#1595,.T.);
#2101=ORIENTED_EDGE($,*,*,#1596,.F.);
#2102=ORIENTED_EDGE($,*,*,#1597,.T.);
#2103=ORIENTED_EDGE($,*,*,#1598,.F.);
#2104=ORIENTED_EDGE($,*,*,#1599,.F.);
#2105=ORIENTED_EDGE($,*,*,#1600,.F.);
#2106=ORIENTED_EDGE($,*,*,#1601,.F.);
#2107=ORIENTED_EDGE($,*,*,#1602,.F.);
#2108=ORIENTED_EDGE($,*,*,#1603,.F.);
#2109=ORIENTED_EDGE($,*,*,#1604,.F.);
#2110=ORIENTED_EDGE($,*,*,#1597,.F.);
#2111=ORIENTED_EDGE($,*,*,#1605,.F.);
#2112=ORIENTED_EDGE($,*,*,#1606,.F.);
#2113=ORIENTED_EDGE($,*,*,#1607,.F.);
#2114=ORIENTED_EDGE($,*,*,#1603,.T.);
#2115=ORIENTED_EDGE($,*,*,#1608,.F.);
#2116=ORIENTED_EDGE($,*,*,#1609,.F.);
#2117=ORIENTED_EDGE($,*,*,#1598,.T.);
#2118=ORIENTED_EDGE($,*,*,#1604,.T.);
#2119=ORIENTED_EDGE($,*,*,#1607,.T.);
#2120=ORIENTED_EDGE($,*,*,#1610,.F.);
#2121=ORIENTED_EDGE($,*,*,#1611,.F.);
#2122=ORIENTED_EDGE($,*,*,#1594,.F.);
#2123=ORIENTED_EDGE($,*,*,#1612,.T.);
#2124=ORIENTED_EDGE($,*,*,#1613,.F.);
#2125=ORIENTED_EDGE($,*,*,#1606,.T.);
#2126=ORIENTED_EDGE($,*,*,#1614,.T.);
#2127=ORIENTED_EDGE($,*,*,#1615,.T.);
#2128=ORIENTED_EDGE($,*,*,#1610,.T.);
#2129=ORIENTED_EDGE($,*,*,#1599,.T.);
#2130=ORIENTED_EDGE($,*,*,#1613,.T.);
#2131=ORIENTED_EDGE($,*,*,#1616,.T.);
#2132=ORIENTED_EDGE($,*,*,#1617,.T.);
#2133=ORIENTED_EDGE($,*,*,#1618,.F.);
#2134=ORIENTED_EDGE($,*,*,#1608,.T.);
#2135=ORIENTED_EDGE($,*,*,#1619,.F.);
#2136=ORIENTED_EDGE($,*,*,#1609,.T.);
#2137=ORIENTED_EDGE($,*,*,#1601,.T.);
#2138=ORIENTED_EDGE($,*,*,#1620,.F.);
#2139=ORIENTED_EDGE($,*,*,#1600,.T.);
#2140=ORIENTED_EDGE($,*,*,#1621,.F.);
#2141=ORIENTED_EDGE($,*,*,#1620,.T.);
#2142=ORIENTED_EDGE($,*,*,#1621,.T.);
#2143=ORIENTED_EDGE($,*,*,#1622,.T.);
#2144=ORIENTED_EDGE($,*,*,#1616,.F.);
#2145=ORIENTED_EDGE($,*,*,#1612,.F.);
#2146=ORIENTED_EDGE($,*,*,#1593,.F.);
#2147=ORIENTED_EDGE($,*,*,#1591,.F.);
#2148=ORIENTED_EDGE($,*,*,#1596,.T.);
#2149=ORIENTED_EDGE($,*,*,#1617,.F.);
#2150=ORIENTED_EDGE($,*,*,#1622,.F.);
#2151=ORIENTED_EDGE($,*,*,#1590,.F.);
#2152=ORIENTED_EDGE($,*,*,#1623,.T.);
#2153=ORIENTED_EDGE($,*,*,#1614,.F.);
#2154=ORIENTED_EDGE($,*,*,#1605,.T.);
#2155=ORIENTED_EDGE($,*,*,#1602,.T.);
#2156=ORIENTED_EDGE($,*,*,#1618,.T.);
#2157=ORIENTED_EDGE($,*,*,#1619,.T.);
#2158=ORIENTED_EDGE($,*,*,#1611,.T.);
#2159=ORIENTED_EDGE($,*,*,#1615,.F.);
#2160=ORIENTED_EDGE($,*,*,#1623,.F.);
#2161=ORIENTED_EDGE($,*,*,#1589,.F.);
#2162=ORIENTED_EDGE($,*,*,#1595,.F.);
#2163=ORIENTED_EDGE($,*,*,#1592,.F.);
#2164=ORIENTED_EDGE($,*,*,#1588,.F.);
#2165=ORIENTED_EDGE($,*,*,#1624,.F.);
#2166=ORIENTED_EDGE($,*,*,#1624,.T.);
#2167=ORIENTED_EDGE($,*,*,#1625,.T.);
#2168=ORIENTED_EDGE($,*,*,#1626,.T.);
#2169=ORIENTED_EDGE($,*,*,#1627,.T.);
#2170=ORIENTED_EDGE($,*,*,#1628,.T.);
#2171=ORIENTED_EDGE($,*,*,#1629,.T.);
#2172=ORIENTED_EDGE($,*,*,#1630,.T.);
#2173=ORIENTED_EDGE($,*,*,#1631,.T.);
#2174=ORIENTED_EDGE($,*,*,#1632,.T.);
#2175=ORIENTED_EDGE($,*,*,#1633,.T.);
#2176=ORIENTED_EDGE($,*,*,#1630,.F.);
#2177=ORIENTED_EDGE($,*,*,#1634,.F.);
#2178=ORIENTED_EDGE($,*,*,#1628,.F.);
#2179=ORIENTED_EDGE($,*,*,#1635,.T.);
#2180=ORIENTED_EDGE($,*,*,#1631,.F.);
#2181=ORIENTED_EDGE($,*,*,#1633,.F.);
#2182=ORIENTED_EDGE($,*,*,#1627,.F.);
#2183=ORIENTED_EDGE($,*,*,#1636,.T.);
#2184=ORIENTED_EDGE($,*,*,#1632,.F.);
#2185=ORIENTED_EDGE($,*,*,#1635,.F.);
#2186=ORIENTED_EDGE($,*,*,#1626,.F.);
#2187=ORIENTED_EDGE($,*,*,#1634,.T.);
#2188=ORIENTED_EDGE($,*,*,#1629,.F.);
#2189=ORIENTED_EDGE($,*,*,#1636,.F.);
#2190=ORIENTED_EDGE($,*,*,#1625,.F.);
#2191=ORIENTED_EDGE($,*,*,#1637,.T.);
#2192=ORIENTED_EDGE($,*,*,#1638,.T.);
#2193=ORIENTED_EDGE($,*,*,#1639,.T.);
#2194=ORIENTED_EDGE($,*,*,#1640,.T.);
#2195=ORIENTED_EDGE($,*,*,#1641,.T.);
#2196=ORIENTED_EDGE($,*,*,#1642,.T.);
#2197=ORIENTED_EDGE($,*,*,#1643,.T.);
#2198=ORIENTED_EDGE($,*,*,#1644,.T.);
#2199=ORIENTED_EDGE($,*,*,#1645,.T.);
#2200=ORIENTED_EDGE($,*,*,#1642,.F.);
#2201=ORIENTED_EDGE($,*,*,#1646,.F.);
#2202=ORIENTED_EDGE($,*,*,#1640,.F.);
#2203=ORIENTED_EDGE($,*,*,#1647,.T.);
#2204=ORIENTED_EDGE($,*,*,#1643,.F.);
#2205=ORIENTED_EDGE($,*,*,#1645,.F.);
#2206=ORIENTED_EDGE($,*,*,#1639,.F.);
#2207=ORIENTED_EDGE($,*,*,#1648,.T.);
#2208=ORIENTED_EDGE($,*,*,#1644,.F.);
#2209=ORIENTED_EDGE($,*,*,#1647,.F.);
#2210=ORIENTED_EDGE($,*,*,#1638,.F.);
#2211=ORIENTED_EDGE($,*,*,#1646,.T.);
#2212=ORIENTED_EDGE($,*,*,#1641,.F.);
#2213=ORIENTED_EDGE($,*,*,#1648,.F.);
#2214=ORIENTED_EDGE($,*,*,#1637,.F.);
#2215=ORIENTED_EDGE($,*,*,#1649,.F.);
#2216=ORIENTED_EDGE($,*,*,#1650,.F.);
#2217=ORIENTED_EDGE($,*,*,#1649,.T.);
#2218=ORIENTED_EDGE($,*,*,#1650,.T.);
#2219=CYLINDRICAL_SURFACE($,#2458,0.165);
#2220=CYLINDRICAL_SURFACE($,#2461,0.165);
#2221=CYLINDRICAL_SURFACE($,#2464,0.165);
#2222=CYLINDRICAL_SURFACE($,#2467,0.165);
#2223=CYLINDRICAL_SURFACE($,#2476,0.3);
#2224=CYLINDRICAL_SURFACE($,#2479,0.3);
#2225=CYLINDRICAL_SURFACE($,#2482,0.3);
#2226=CYLINDRICAL_SURFACE($,#2491,0.3);
#2227=CYLINDRICAL_SURFACE($,#2494,0.3);
#2228=CYLINDRICAL_SURFACE($,#2497,0.3);
#2229=CYLINDRICAL_SURFACE($,#2506,0.3);
#2230=CYLINDRICAL_SURFACE($,#2509,0.3);
#2231=CYLINDRICAL_SURFACE($,#2512,0.3);
#2232=CYLINDRICAL_SURFACE($,#2521,2.05);
#2233=CYLINDRICAL_SURFACE($,#2526,2.05);
#2234=CYLINDRICAL_SURFACE($,#2531,0.3);
#2235=CYLINDRICAL_SURFACE($,#2534,0.3);
#2236=CYLINDRICAL_SURFACE($,#2537,0.3);
#2237=CYLINDRICAL_SURFACE($,#2546,0.3);
#2238=CYLINDRICAL_SURFACE($,#2549,0.3);
#2239=CYLINDRICAL_SURFACE($,#2552,0.3);
#2240=CYLINDRICAL_SURFACE($,#2561,0.3);
#2241=CYLINDRICAL_SURFACE($,#2564,0.3);
#2242=CYLINDRICAL_SURFACE($,#2567,0.3);
#2243=CYLINDRICAL_SURFACE($,#2582,0.165);
#2244=CYLINDRICAL_SURFACE($,#2585,0.165);
#2245=CYLINDRICAL_SURFACE($,#2594,0.165);
#2246=CYLINDRICAL_SURFACE($,#2597,0.165);
#2247=CYLINDRICAL_SURFACE($,#2606,0.165);
#2248=CYLINDRICAL_SURFACE($,#2611,0.165);
#2249=CYLINDRICAL_SURFACE($,#2616,0.165);
#2250=CYLINDRICAL_SURFACE($,#2621,0.165);
#2251=CYLINDRICAL_SURFACE($,#2640,0.3);
#2252=CYLINDRICAL_SURFACE($,#2642,0.3);
#2253=CYLINDRICAL_SURFACE($,#2644,0.3);
#2254=CYLINDRICAL_SURFACE($,#2646,0.3);
#2255=CYLINDRICAL_SURFACE($,#2651,1.);
#2256=CYLINDRICAL_SURFACE($,#2668,0.3);
#2257=CYLINDRICAL_SURFACE($,#2670,0.3);
#2258=CYLINDRICAL_SURFACE($,#2672,0.3);
#2259=CYLINDRICAL_SURFACE($,#2674,0.3);
#2260=CYLINDRICAL_SURFACE($,#2679,1.);
#2261=CYLINDRICAL_SURFACE($,#2694,0.25);
#2262=ADVANCED_FACE($,(#668,#535),#2219,.F.);
#2263=ADVANCED_FACE($,(#669,#536),#2220,.F.);
#2264=ADVANCED_FACE($,(#670,#537),#2221,.F.);
#2265=ADVANCED_FACE($,(#671,#538),#2222,.F.);
#2266=ADVANCED_FACE($,(#539,#540,#541,#542,#543),#425,.T.);
#2267=ADVANCED_FACE($,(#544,#545,#546,#547,#548),#426,.F.);
#2268=ADVANCED_FACE($,(#672),#427,.F.);
#2269=ADVANCED_FACE($,(#673),#428,.F.);
#2270=ADVANCED_FACE($,(#674),#429,.F.);
#2271=ADVANCED_FACE($,(#675),#430,.F.);
#2272=ADVANCED_FACE($,(#676,#549),#2223,.F.);
#2273=ADVANCED_FACE($,(#677,#550),#2224,.F.);
#2274=ADVANCED_FACE($,(#678,#551),#2225,.F.);
#2275=ADVANCED_FACE($,(#552,#553,#554,#555),#431,.T.);
#2276=ADVANCED_FACE($,(#556,#557,#558,#559),#432,.F.);
#2277=ADVANCED_FACE($,(#679),#433,.F.);
#2278=ADVANCED_FACE($,(#680),#434,.F.);
#2279=ADVANCED_FACE($,(#681),#435,.F.);
#2280=ADVANCED_FACE($,(#682),#436,.F.);
#2281=ADVANCED_FACE($,(#683,#560),#2226,.F.);
#2282=ADVANCED_FACE($,(#684,#561),#2227,.F.);
#2283=ADVANCED_FACE($,(#685,#562),#2228,.F.);
#2284=ADVANCED_FACE($,(#563,#564,#565,#566),#437,.T.);
#2285=ADVANCED_FACE($,(#567,#568,#569,#570),#438,.F.);
#2286=ADVANCED_FACE($,(#686),#439,.F.);
#2287=ADVANCED_FACE($,(#687),#440,.F.);
#2288=ADVANCED_FACE($,(#688),#441,.F.);
#2289=ADVANCED_FACE($,(#689),#442,.F.);
#2290=ADVANCED_FACE($,(#690,#571),#2229,.F.);
#2291=ADVANCED_FACE($,(#691,#572),#2230,.F.);
#2292=ADVANCED_FACE($,(#692,#573),#2231,.F.);
#2293=ADVANCED_FACE($,(#574,#575,#576,#577),#443,.T.);
#2294=ADVANCED_FACE($,(#578,#579,#580,#581),#444,.F.);
#2295=ADVANCED_FACE($,(#693),#445,.F.);
#2296=ADVANCED_FACE($,(#694),#446,.F.);
#2297=ADVANCED_FACE($,(#695),#447,.F.);
#2298=ADVANCED_FACE($,(#696),#448,.F.);
#2299=ADVANCED_FACE($,(#697,#582),#2232,.T.);
#2300=ADVANCED_FACE($,(#698),#449,.T.);
#2301=ADVANCED_FACE($,(#699),#450,.T.);
#2302=ADVANCED_FACE($,(#700,#583),#2233,.T.);
#2303=ADVANCED_FACE($,(#701),#451,.T.);
#2304=ADVANCED_FACE($,(#702),#452,.T.);
#2305=ADVANCED_FACE($,(#703,#584),#2234,.F.);
#2306=ADVANCED_FACE($,(#704,#585),#2235,.F.);
#2307=ADVANCED_FACE($,(#705,#586),#2236,.F.);
#2308=ADVANCED_FACE($,(#587,#588,#589,#590),#453,.T.);
#2309=ADVANCED_FACE($,(#591,#592,#593,#594),#454,.F.);
#2310=ADVANCED_FACE($,(#706),#455,.F.);
#2311=ADVANCED_FACE($,(#707),#456,.F.);
#2312=ADVANCED_FACE($,(#708),#457,.F.);
#2313=ADVANCED_FACE($,(#709),#458,.F.);
#2314=ADVANCED_FACE($,(#710,#595),#2237,.F.);
#2315=ADVANCED_FACE($,(#711,#596),#2238,.F.);
#2316=ADVANCED_FACE($,(#712,#597),#2239,.F.);
#2317=ADVANCED_FACE($,(#713),#459,.T.);
#2318=ADVANCED_FACE($,(#714),#460,.F.);
#2319=ADVANCED_FACE($,(#715),#461,.F.);
#2320=ADVANCED_FACE($,(#598,#599,#600,#601),#462,.F.);
#2321=ADVANCED_FACE($,(#716),#463,.F.);
#2322=ADVANCED_FACE($,(#602,#603,#604,#605),#464,.F.);
#2323=ADVANCED_FACE($,(#717,#606),#2240,.F.);
#2324=ADVANCED_FACE($,(#718,#607),#2241,.F.);
#2325=ADVANCED_FACE($,(#719,#608),#2242,.F.);
#2326=ADVANCED_FACE($,(#720),#465,.T.);
#2327=ADVANCED_FACE($,(#721),#466,.F.);
#2328=ADVANCED_FACE($,(#722),#467,.F.);
#2329=ADVANCED_FACE($,(#609,#610,#611,#612),#468,.F.);
#2330=ADVANCED_FACE($,(#723),#469,.F.);
#2331=ADVANCED_FACE($,(#613,#614,#615,#616),#470,.F.);
#2332=ADVANCED_FACE($,(#724),#471,.T.);
#2333=ADVANCED_FACE($,(#725),#472,.F.);
#2334=ADVANCED_FACE($,(#726),#473,.F.);
#2335=ADVANCED_FACE($,(#727),#474,.F.);
#2336=ADVANCED_FACE($,(#728),#475,.F.);
#2337=ADVANCED_FACE($,(#729),#476,.F.);
#2338=ADVANCED_FACE($,(#730,#617),#2243,.F.);
#2339=ADVANCED_FACE($,(#731,#618),#2244,.F.);
#2340=ADVANCED_FACE($,(#732),#477,.T.);
#2341=ADVANCED_FACE($,(#733),#478,.F.);
#2342=ADVANCED_FACE($,(#734),#479,.F.);
#2343=ADVANCED_FACE($,(#619,#620,#621),#480,.F.);
#2344=ADVANCED_FACE($,(#735),#481,.F.);
#2345=ADVANCED_FACE($,(#622,#623,#624),#482,.F.);
#2346=ADVANCED_FACE($,(#736,#625),#2245,.F.);
#2347=ADVANCED_FACE($,(#737,#626),#2246,.F.);
#2348=ADVANCED_FACE($,(#738),#483,.T.);
#2349=ADVANCED_FACE($,(#739),#484,.F.);
#2350=ADVANCED_FACE($,(#740),#485,.F.);
#2351=ADVANCED_FACE($,(#627,#628,#629),#486,.F.);
#2352=ADVANCED_FACE($,(#741),#487,.F.);
#2353=ADVANCED_FACE($,(#630,#631,#632),#488,.F.);
#2354=ADVANCED_FACE($,(#742,#633),#2247,.T.);
#2355=ADVANCED_FACE($,(#743),#489,.T.);
#2356=ADVANCED_FACE($,(#744),#490,.T.);
#2357=ADVANCED_FACE($,(#745,#634),#2248,.T.);
#2358=ADVANCED_FACE($,(#746),#491,.T.);
#2359=ADVANCED_FACE($,(#747),#492,.T.);
#2360=ADVANCED_FACE($,(#748,#635),#2249,.T.);
#2361=ADVANCED_FACE($,(#749),#493,.T.);
#2362=ADVANCED_FACE($,(#750),#494,.T.);
#2363=ADVANCED_FACE($,(#751,#636),#2250,.T.);
#2364=ADVANCED_FACE($,(#752),#495,.T.);
#2365=ADVANCED_FACE($,(#753),#496,.T.);
#2366=ADVANCED_FACE($,(#754),#497,.T.);
#2367=ADVANCED_FACE($,(#755),#498,.T.);
#2368=ADVANCED_FACE($,(#756,#637,#638),#499,.T.);
#2369=ADVANCED_FACE($,(#757),#500,.T.);
#2370=ADVANCED_FACE($,(#758,#639,#640),#501,.T.);
#2371=ADVANCED_FACE($,(#759),#502,.F.);
#2372=ADVANCED_FACE($,(#760),#503,.F.);
#2373=ADVANCED_FACE($,(#761),#504,.F.);
#2374=ADVANCED_FACE($,(#762,#641),#2251,.F.);
#2375=ADVANCED_FACE($,(#763,#642),#2252,.F.);
#2376=ADVANCED_FACE($,(#764,#643),#2253,.F.);
#2377=ADVANCED_FACE($,(#765,#644),#2254,.F.);
#2378=ADVANCED_FACE($,(#645,#646,#647),#505,.F.);
#2379=ADVANCED_FACE($,(#766),#506,.F.);
#2380=ADVANCED_FACE($,(#648,#649,#650),#507,.F.);
#2381=ADVANCED_FACE($,(#767,#651),#2255,.T.);
#2382=ADVANCED_FACE($,(#768),#508,.T.);
#2383=ADVANCED_FACE($,(#769),#509,.T.);
#2384=ADVANCED_FACE($,(#770),#510,.T.);
#2385=ADVANCED_FACE($,(#771,#652,#653),#511,.T.);
#2386=ADVANCED_FACE($,(#772),#512,.T.);
#2387=ADVANCED_FACE($,(#773,#654,#655),#513,.T.);
#2388=ADVANCED_FACE($,(#774),#514,.F.);
#2389=ADVANCED_FACE($,(#775),#515,.F.);
#2390=ADVANCED_FACE($,(#776),#516,.F.);
#2391=ADVANCED_FACE($,(#777,#656),#2256,.F.);
#2392=ADVANCED_FACE($,(#778,#657),#2257,.F.);
#2393=ADVANCED_FACE($,(#779,#658),#2258,.F.);
#2394=ADVANCED_FACE($,(#780,#659),#2259,.F.);
#2395=ADVANCED_FACE($,(#660,#661,#662),#517,.F.);
#2396=ADVANCED_FACE($,(#781),#518,.F.);
#2397=ADVANCED_FACE($,(#663,#664,#665),#519,.F.);
#2398=ADVANCED_FACE($,(#782,#666),#2260,.T.);
#2399=ADVANCED_FACE($,(#783),#520,.T.);
#2400=ADVANCED_FACE($,(#784),#521,.T.);
#2401=ADVANCED_FACE($,(#785),#522,.F.);
#2402=ADVANCED_FACE($,(#786),#523,.F.);
#2403=ADVANCED_FACE($,(#787),#524,.F.);
#2404=ADVANCED_FACE($,(#788),#525,.F.);
#2405=ADVANCED_FACE($,(#789),#526,.F.);
#2406=ADVANCED_FACE($,(#790),#527,.T.);
#2407=ADVANCED_FACE($,(#791),#528,.F.);
#2408=ADVANCED_FACE($,(#792),#529,.F.);
#2409=ADVANCED_FACE($,(#793),#530,.F.);
#2410=ADVANCED_FACE($,(#794),#531,.F.);
#2411=ADVANCED_FACE($,(#795),#532,.F.);
#2412=ADVANCED_FACE($,(#796,#667),#2261,.T.);
#2413=ADVANCED_FACE($,(#797),#533,.T.);
#2414=ADVANCED_FACE($,(#798),#534,.T.);
#2415=CLOSED_SHELL($,(#2262,#2263,#2264,#2265,#2266,#2267,#2268,#2269,#2270,
#2271));
#2416=CLOSED_SHELL($,(#2272,#2273,#2274,#2275,#2276,#2277,#2278,#2279,#2280));
#2417=CLOSED_SHELL($,(#2281,#2282,#2283,#2284,#2285,#2286,#2287,#2288,#2289));
#2418=CLOSED_SHELL($,(#2290,#2291,#2292,#2293,#2294,#2295,#2296,#2297,#2298));
#2419=CLOSED_SHELL($,(#2299,#2300,#2301));
#2420=CLOSED_SHELL($,(#2302,#2303,#2304));
#2421=CLOSED_SHELL($,(#2305,#2306,#2307,#2308,#2309,#2310,#2311,#2312,#2313));
#2422=CLOSED_SHELL($,(#2314,#2315,#2316,#2317,#2318,#2319,#2320,#2321,#2322));
#2423=CLOSED_SHELL($,(#2323,#2324,#2325,#2326,#2327,#2328,#2329,#2330,#2331));
#2424=CLOSED_SHELL($,(#2332,#2333,#2334,#2335,#2336,#2337));
#2425=CLOSED_SHELL($,(#2338,#2339,#2340,#2341,#2342,#2343,#2344,#2345));
#2426=CLOSED_SHELL($,(#2346,#2347,#2348,#2349,#2350,#2351,#2352,#2353));
#2427=CLOSED_SHELL($,(#2354,#2355,#2356));
#2428=CLOSED_SHELL($,(#2357,#2358,#2359));
#2429=CLOSED_SHELL($,(#2360,#2361,#2362));
#2430=CLOSED_SHELL($,(#2363,#2364,#2365));
#2431=CLOSED_SHELL($,(#2366,#2367,#2368,#2369,#2370,#2371,#2372,#2373,#2374,
#2375,#2376,#2377,#2378,#2379,#2380,#2381,#2382));
#2432=CLOSED_SHELL($,(#2383,#2384,#2385,#2386,#2387,#2388,#2389,#2390,#2391,
#2392,#2393,#2394,#2395,#2396,#2397,#2398,#2399));
#2433=CLOSED_SHELL($,(#2400,#2401,#2402,#2403,#2404,#2405));
#2434=CLOSED_SHELL($,(#2406,#2407,#2408,#2409,#2410,#2411));
#2435=CLOSED_SHELL($,(#2412,#2413,#2414));
#2436=MANIFOLD_SOLID_BREP('ASM Body',#2415);
#2437=MANIFOLD_SOLID_BREP('ASM Body',#2416);
#2438=MANIFOLD_SOLID_BREP('ASM Body',#2417);
#2439=MANIFOLD_SOLID_BREP('ASM Body',#2418);
#2440=MANIFOLD_SOLID_BREP('ASM Body',#2419);
#2441=MANIFOLD_SOLID_BREP('ASM Body',#2420);
#2442=MANIFOLD_SOLID_BREP('ASM Body',#2421);
#2443=MANIFOLD_SOLID_BREP('ASM Body',#2422);
#2444=MANIFOLD_SOLID_BREP('ASM Body',#2423);
#2445=MANIFOLD_SOLID_BREP('ASM Body',#2424);
#2446=MANIFOLD_SOLID_BREP('ASM Body',#2425);
#2447=MANIFOLD_SOLID_BREP('ASM Body',#2426);
#2448=MANIFOLD_SOLID_BREP('ASM Body',#2427);
#2449=MANIFOLD_SOLID_BREP('ASM Body',#2428);
#2450=MANIFOLD_SOLID_BREP('ASM Body',#2429);
#2451=MANIFOLD_SOLID_BREP('ASM Body',#2430);
#2452=MANIFOLD_SOLID_BREP('ASM Body',#2431);
#2453=MANIFOLD_SOLID_BREP('ASM Body',#2432);
#2454=MANIFOLD_SOLID_BREP('ASM Body',#2433);
#2455=MANIFOLD_SOLID_BREP('ASM Body',#2434);
#2456=MANIFOLD_SOLID_BREP('ASM Body',#2435);
#2457=AXIS2_PLACEMENT_3D('placement',#3379,#2699,#2700);
#2458=AXIS2_PLACEMENT_3D($,#3380,#2701,#2702);
#2459=AXIS2_PLACEMENT_3D($,#3382,#2703,#2704);
#2460=AXIS2_PLACEMENT_3D($,#3384,#2705,#2706);
#2461=AXIS2_PLACEMENT_3D($,#3385,#2707,#2708);
#2462=AXIS2_PLACEMENT_3D($,#3387,#2709,#2710);
#2463=AXIS2_PLACEMENT_3D($,#3389,#2711,#2712);
#2464=AXIS2_PLACEMENT_3D($,#3390,#2713,#2714);
#2465=AXIS2_PLACEMENT_3D($,#3392,#2715,#2716);
#2466=AXIS2_PLACEMENT_3D($,#3394,#2717,#2718);
#2467=AXIS2_PLACEMENT_3D($,#3395,#2719,#2720);
#2468=AXIS2_PLACEMENT_3D($,#3397,#2721,#2722);
#2469=AXIS2_PLACEMENT_3D($,#3399,#2723,#2724);
#2470=AXIS2_PLACEMENT_3D($,#3400,#2725,#2726);
#2471=AXIS2_PLACEMENT_3D($,#3409,#2731,#2732);
#2472=AXIS2_PLACEMENT_3D($,#3418,#2737,#2738);
#2473=AXIS2_PLACEMENT_3D($,#3421,#2741,#2742);
#2474=AXIS2_PLACEMENT_3D($,#3423,#2744,#2745);
#2475=AXIS2_PLACEMENT_3D($,#3425,#2747,#2748);
#2476=AXIS2_PLACEMENT_3D($,#3426,#2749,#2750);
#2477=AXIS2_PLACEMENT_3D($,#3428,#2751,#2752);
#2478=AXIS2_PLACEMENT_3D($,#3430,#2753,#2754);
#2479=AXIS2_PLACEMENT_3D($,#3431,#2755,#2756);
#2480=AXIS2_PLACEMENT_3D($,#3433,#2757,#2758);
#2481=AXIS2_PLACEMENT_3D($,#3435,#2759,#2760);
#2482=AXIS2_PLACEMENT_3D($,#3436,#2761,#2762);
#2483=AXIS2_PLACEMENT_3D($,#3438,#2763,#2764);
#2484=AXIS2_PLACEMENT_3D($,#3440,#2765,#2766);
#2485=AXIS2_PLACEMENT_3D($,#3441,#2767,#2768);
#2486=AXIS2_PLACEMENT_3D($,#3450,#2773,#2774);
#2487=AXIS2_PLACEMENT_3D($,#3459,#2779,#2780);
#2488=AXIS2_PLACEMENT_3D($,#3462,#2783,#2784);
#2489=AXIS2_PLACEMENT_3D($,#3464,#2786,#2787);
#2490=AXIS2_PLACEMENT_3D($,#3466,#2789,#2790);
#2491=AXIS2_PLACEMENT_3D($,#3467,#2791,#2792);
#2492=AXIS2_PLACEMENT_3D($,#3469,#2793,#2794);
#2493=AXIS2_PLACEMENT_3D($,#3471,#2795,#2796);
#2494=AXIS2_PLACEMENT_3D($,#3472,#2797,#2798);
#2495=AXIS2_PLACEMENT_3D($,#3474,#2799,#2800);
#2496=AXIS2_PLACEMENT_3D($,#3476,#2801,#2802);
#2497=AXIS2_PLACEMENT_3D($,#3477,#2803,#2804);
#2498=AXIS2_PLACEMENT_3D($,#3479,#2805,#2806);
#2499=AXIS2_PLACEMENT_3D($,#3481,#2807,#2808);
#2500=AXIS2_PLACEMENT_3D($,#3482,#2809,#2810);
#2501=AXIS2_PLACEMENT_3D($,#3491,#2815,#2816);
#2502=AXIS2_PLACEMENT_3D($,#3500,#2821,#2822);
#2503=AXIS2_PLACEMENT_3D($,#3503,#2825,#2826);
#2504=AXIS2_PLACEMENT_3D($,#3505,#2828,#2829);
#2505=AXIS2_PLACEMENT_3D($,#3507,#2831,#2832);
#2506=AXIS2_PLACEMENT_3D($,#3508,#2833,#2834);
#2507=AXIS2_PLACEMENT_3D($,#3510,#2835,#2836);
#2508=AXIS2_PLACEMENT_3D($,#3512,#2837,#2838);
#2509=AXIS2_PLACEMENT_3D($,#3513,#2839,#2840);
#2510=AXIS2_PLACEMENT_3D($,#3515,#2841,#2842);
#2511=AXIS2_PLACEMENT_3D($,#3517,#2843,#2844);
#2512=AXIS2_PLACEMENT_3D($,#3518,#2845,#2846);
#2513=AXIS2_PLACEMENT_3D($,#3520,#2847,#2848);
#2514=AXIS2_PLACEMENT_3D($,#3522,#2849,#2850);
#2515=AXIS2_PLACEMENT_3D($,#3523,#2851,#2852);
#2516=AXIS2_PLACEMENT_3D($,#3532,#2857,#2858);
#2517=AXIS2_PLACEMENT_3D($,#3541,#2863,#2864);
#2518=AXIS2_PLACEMENT_3D($,#3544,#2867,#2868);
#2519=AXIS2_PLACEMENT_3D($,#3546,#2870,#2871);
#2520=AXIS2_PLACEMENT_3D($,#3548,#2873,#2874);
#2521=AXIS2_PLACEMENT_3D($,#3549,#2875,#2876);
#2522=AXIS2_PLACEMENT_3D($,#3551,#2877,#2878);
#2523=AXIS2_PLACEMENT_3D($,#3553,#2879,#2880);
#2524=AXIS2_PLACEMENT_3D($,#3554,#2881,#2882);
#2525=AXIS2_PLACEMENT_3D($,#3555,#2883,#2884);
#2526=AXIS2_PLACEMENT_3D($,#3556,#2885,#2886);
#2527=AXIS2_PLACEMENT_3D($,#3558,#2887,#2888);
#2528=AXIS2_PLACEMENT_3D($,#3560,#2889,#2890);
#2529=AXIS2_PLACEMENT_3D($,#3561,#2891,#2892);
#2530=AXIS2_PLACEMENT_3D($,#3562,#2893,#2894);
#2531=AXIS2_PLACEMENT_3D($,#3563,#2895,#2896);
#2532=AXIS2_PLACEMENT_3D($,#3565,#2897,#2898);
#2533=AXIS2_PLACEMENT_3D($,#3567,#2899,#2900);
#2534=AXIS2_PLACEMENT_3D($,#3568,#2901,#2902);
#2535=AXIS2_PLACEMENT_3D($,#3570,#2903,#2904);
#2536=AXIS2_PLACEMENT_3D($,#3572,#2905,#2906);
#2537=AXIS2_PLACEMENT_3D($,#3573,#2907,#2908);
#2538=AXIS2_PLACEMENT_3D($,#3575,#2909,#2910);
#2539=AXIS2_PLACEMENT_3D($,#3577,#2911,#2912);
#2540=AXIS2_PLACEMENT_3D($,#3578,#2913,#2914);
#2541=AXIS2_PLACEMENT_3D($,#3587,#2919,#2920);
#2542=AXIS2_PLACEMENT_3D($,#3596,#2925,#2926);
#2543=AXIS2_PLACEMENT_3D($,#3599,#2929,#2930);
#2544=AXIS2_PLACEMENT_3D($,#3601,#2932,#2933);
#2545=AXIS2_PLACEMENT_3D($,#3603,#2935,#2936);
#2546=AXIS2_PLACEMENT_3D($,#3604,#2937,#2938);
#2547=AXIS2_PLACEMENT_3D($,#3606,#2939,#2940);
#2548=AXIS2_PLACEMENT_3D($,#3608,#2941,#2942);
#2549=AXIS2_PLACEMENT_3D($,#3609,#2943,#2944);
#2550=AXIS2_PLACEMENT_3D($,#3611,#2945,#2946);
#2551=AXIS2_PLACEMENT_3D($,#3613,#2947,#2948);
#2552=AXIS2_PLACEMENT_3D($,#3614,#2949,#2950);
#2553=AXIS2_PLACEMENT_3D($,#3616,#2951,#2952);
#2554=AXIS2_PLACEMENT_3D($,#3618,#2953,#2954);
#2555=AXIS2_PLACEMENT_3D($,#3619,#2955,#2956);
#2556=AXIS2_PLACEMENT_3D($,#3628,#2961,#2962);
#2557=AXIS2_PLACEMENT_3D($,#3637,#2967,#2968);
#2558=AXIS2_PLACEMENT_3D($,#3640,#2971,#2972);
#2559=AXIS2_PLACEMENT_3D($,#3642,#2974,#2975);
#2560=AXIS2_PLACEMENT_3D($,#3644,#2977,#2978);
#2561=AXIS2_PLACEMENT_3D($,#3645,#2979,#2980);
#2562=AXIS2_PLACEMENT_3D($,#3647,#2981,#2982);
#2563=AXIS2_PLACEMENT_3D($,#3649,#2983,#2984);
#2564=AXIS2_PLACEMENT_3D($,#3650,#2985,#2986);
#2565=AXIS2_PLACEMENT_3D($,#3652,#2987,#2988);
#2566=AXIS2_PLACEMENT_3D($,#3654,#2989,#2990);
#2567=AXIS2_PLACEMENT_3D($,#3655,#2991,#2992);
#2568=AXIS2_PLACEMENT_3D($,#3657,#2993,#2994);
#2569=AXIS2_PLACEMENT_3D($,#3659,#2995,#2996);
#2570=AXIS2_PLACEMENT_3D($,#3660,#2997,#2998);
#2571=AXIS2_PLACEMENT_3D($,#3669,#3003,#3004);
#2572=AXIS2_PLACEMENT_3D($,#3678,#3009,#3010);
#2573=AXIS2_PLACEMENT_3D($,#3681,#3013,#3014);
#2574=AXIS2_PLACEMENT_3D($,#3683,#3016,#3017);
#2575=AXIS2_PLACEMENT_3D($,#3685,#3019,#3020);
#2576=AXIS2_PLACEMENT_3D($,#3686,#3021,#3022);
#2577=AXIS2_PLACEMENT_3D($,#3695,#3027,#3028);
#2578=AXIS2_PLACEMENT_3D($,#3704,#3033,#3034);
#2579=AXIS2_PLACEMENT_3D($,#3707,#3037,#3038);
#2580=AXIS2_PLACEMENT_3D($,#3709,#3040,#3041);
#2581=AXIS2_PLACEMENT_3D($,#3711,#3043,#3044);
#2582=AXIS2_PLACEMENT_3D($,#3712,#3045,#3046);
#2583=AXIS2_PLACEMENT_3D($,#3714,#3047,#3048);
#2584=AXIS2_PLACEMENT_3D($,#3716,#3049,#3050);
#2585=AXIS2_PLACEMENT_3D($,#3717,#3051,#3052);
#2586=AXIS2_PLACEMENT_3D($,#3719,#3053,#3054);
#2587=AXIS2_PLACEMENT_3D($,#3721,#3055,#3056);
#2588=AXIS2_PLACEMENT_3D($,#3722,#3057,#3058);
#2589=AXIS2_PLACEMENT_3D($,#3731,#3063,#3064);
#2590=AXIS2_PLACEMENT_3D($,#3740,#3069,#3070);
#2591=AXIS2_PLACEMENT_3D($,#3743,#3073,#3074);
#2592=AXIS2_PLACEMENT_3D($,#3745,#3076,#3077);
#2593=AXIS2_PLACEMENT_3D($,#3747,#3079,#3080);
#2594=AXIS2_PLACEMENT_3D($,#3748,#3081,#3082);
#2595=AXIS2_PLACEMENT_3D($,#3750,#3083,#3084);
#2596=AXIS2_PLACEMENT_3D($,#3752,#3085,#3086);
#2597=AXIS2_PLACEMENT_3D($,#3753,#3087,#3088);
#2598=AXIS2_PLACEMENT_3D($,#3755,#3089,#3090);
#2599=AXIS2_PLACEMENT_3D($,#3757,#3091,#3092);
#2600=AXIS2_PLACEMENT_3D($,#3758,#3093,#3094);
#2601=AXIS2_PLACEMENT_3D($,#3767,#3099,#3100);
#2602=AXIS2_PLACEMENT_3D($,#3776,#3105,#3106);
#2603=AXIS2_PLACEMENT_3D($,#3779,#3109,#3110);
#2604=AXIS2_PLACEMENT_3D($,#3781,#3112,#3113);
#2605=AXIS2_PLACEMENT_3D($,#3783,#3115,#3116);
#2606=AXIS2_PLACEMENT_3D($,#3784,#3117,#3118);
#2607=AXIS2_PLACEMENT_3D($,#3786,#3119,#3120);
#2608=AXIS2_PLACEMENT_3D($,#3788,#3121,#3122);
#2609=AXIS2_PLACEMENT_3D($,#3789,#3123,#3124);
#2610=AXIS2_PLACEMENT_3D($,#3790,#3125,#3126);
#2611=AXIS2_PLACEMENT_3D($,#3791,#3127,#3128);
#2612=AXIS2_PLACEMENT_3D($,#3793,#3129,#3130);
#2613=AXIS2_PLACEMENT_3D($,#3795,#3131,#3132);
#2614=AXIS2_PLACEMENT_3D($,#3796,#3133,#3134);
#2615=AXIS2_PLACEMENT_3D($,#3797,#3135,#3136);
#2616=AXIS2_PLACEMENT_3D($,#3798,#3137,#3138);
#2617=AXIS2_PLACEMENT_3D($,#3800,#3139,#3140);
#2618=AXIS2_PLACEMENT_3D($,#3802,#3141,#3142);
#2619=AXIS2_PLACEMENT_3D($,#3803,#3143,#3144);
#2620=AXIS2_PLACEMENT_3D($,#3804,#3145,#3146);
#2621=AXIS2_PLACEMENT_3D($,#3805,#3147,#3148);
#2622=AXIS2_PLACEMENT_3D($,#3807,#3149,#3150);
#2623=AXIS2_PLACEMENT_3D($,#3809,#3151,#3152);
#2624=AXIS2_PLACEMENT_3D($,#3810,#3153,#3154);
#2625=AXIS2_PLACEMENT_3D($,#3811,#3155,#3156);
#2626=AXIS2_PLACEMENT_3D($,#3812,#3157,#3158);
#2627=AXIS2_PLACEMENT_3D($,#3815,#3159,#3160);
#2628=AXIS2_PLACEMENT_3D($,#3821,#3164,#3165);
#2629=AXIS2_PLACEMENT_3D($,#3822,#3166,#3167);
#2630=AXIS2_PLACEMENT_3D($,#3828,#3171,#3172);
#2631=AXIS2_PLACEMENT_3D($,#3838,#3177,#3178);
#2632=AXIS2_PLACEMENT_3D($,#3840,#3179,#3180);
#2633=AXIS2_PLACEMENT_3D($,#3841,#3181,#3182);
#2634=AXIS2_PLACEMENT_3D($,#3847,#3186,#3187);
#2635=AXIS2_PLACEMENT_3D($,#3854,#3191,#3192);
#2636=AXIS2_PLACEMENT_3D($,#3856,#3193,#3194);
#2637=AXIS2_PLACEMENT_3D($,#3857,#3195,#3196);
#2638=AXIS2_PLACEMENT_3D($,#3864,#3201,#3202);
#2639=AXIS2_PLACEMENT_3D($,#3868,#3205,#3206);
#2640=AXIS2_PLACEMENT_3D($,#3872,#3209,#3210);
#2641=AXIS2_PLACEMENT_3D($,#3874,#3211,#3212);
#2642=AXIS2_PLACEMENT_3D($,#3875,#3213,#3214);
#2643=AXIS2_PLACEMENT_3D($,#3877,#3215,#3216);
#2644=AXIS2_PLACEMENT_3D($,#3878,#3217,#3218);
#2645=AXIS2_PLACEMENT_3D($,#3880,#3219,#3220);
#2646=AXIS2_PLACEMENT_3D($,#3881,#3221,#3222);
#2647=AXIS2_PLACEMENT_3D($,#3883,#3223,#3224);
#2648=AXIS2_PLACEMENT_3D($,#3884,#3225,#3226);
#2649=AXIS2_PLACEMENT_3D($,#3886,#3228,#3229);
#2650=AXIS2_PLACEMENT_3D($,#3888,#3231,#3232);
#2651=AXIS2_PLACEMENT_3D($,#3889,#3233,#3234);
#2652=AXIS2_PLACEMENT_3D($,#3891,#3235,#3236);
#2653=AXIS2_PLACEMENT_3D($,#3892,#3237,#3238);
#2654=AXIS2_PLACEMENT_3D($,#3893,#3239,#3240);
#2655=AXIS2_PLACEMENT_3D($,#3896,#3241,#3242);
#2656=AXIS2_PLACEMENT_3D($,#3902,#3246,#3247);
#2657=AXIS2_PLACEMENT_3D($,#3903,#3248,#3249);
#2658=AXIS2_PLACEMENT_3D($,#3909,#3253,#3254);
#2659=AXIS2_PLACEMENT_3D($,#3919,#3259,#3260);
#2660=AXIS2_PLACEMENT_3D($,#3921,#3261,#3262);
#2661=AXIS2_PLACEMENT_3D($,#3922,#3263,#3264);
#2662=AXIS2_PLACEMENT_3D($,#3928,#3268,#3269);
#2663=AXIS2_PLACEMENT_3D($,#3935,#3273,#3274);
#2664=AXIS2_PLACEMENT_3D($,#3937,#3275,#3276);
#2665=AXIS2_PLACEMENT_3D($,#3938,#3277,#3278);
#2666=AXIS2_PLACEMENT_3D($,#3945,#3283,#3284);
#2667=AXIS2_PLACEMENT_3D($,#3949,#3287,#3288);
#2668=AXIS2_PLACEMENT_3D($,#3953,#3291,#3292);
#2669=AXIS2_PLACEMENT_3D($,#3955,#3293,#3294);
#2670=AXIS2_PLACEMENT_3D($,#3956,#3295,#3296);
#2671=AXIS2_PLACEMENT_3D($,#3958,#3297,#3298);
#2672=AXIS2_PLACEMENT_3D($,#3959,#3299,#3300);
#2673=AXIS2_PLACEMENT_3D($,#3961,#3301,#3302);
#2674=AXIS2_PLACEMENT_3D($,#3962,#3303,#3304);
#2675=AXIS2_PLACEMENT_3D($,#3964,#3305,#3306);
#2676=AXIS2_PLACEMENT_3D($,#3965,#3307,#3308);
#2677=AXIS2_PLACEMENT_3D($,#3967,#3310,#3311);
#2678=AXIS2_PLACEMENT_3D($,#3969,#3313,#3314);
#2679=AXIS2_PLACEMENT_3D($,#3970,#3315,#3316);
#2680=AXIS2_PLACEMENT_3D($,#3972,#3317,#3318);
#2681=AXIS2_PLACEMENT_3D($,#3973,#3319,#3320);
#2682=AXIS2_PLACEMENT_3D($,#3974,#3321,#3322);
#2683=AXIS2_PLACEMENT_3D($,#3983,#3327,#3328);
#2684=AXIS2_PLACEMENT_3D($,#3992,#3333,#3334);
#2685=AXIS2_PLACEMENT_3D($,#3995,#3337,#3338);
#2686=AXIS2_PLACEMENT_3D($,#3997,#3340,#3341);
#2687=AXIS2_PLACEMENT_3D($,#3999,#3343,#3344);
#2688=AXIS2_PLACEMENT_3D($,#4000,#3345,#3346);
#2689=AXIS2_PLACEMENT_3D($,#4009,#3351,#3352);
#2690=AXIS2_PLACEMENT_3D($,#4018,#3357,#3358);
#2691=AXIS2_PLACEMENT_3D($,#4021,#3361,#3362);
#2692=AXIS2_PLACEMENT_3D($,#4023,#3364,#3365);
#2693=AXIS2_PLACEMENT_3D($,#4025,#3367,#3368);
#2694=AXIS2_PLACEMENT_3D($,#4026,#3369,#3370);
#2695=AXIS2_PLACEMENT_3D($,#4028,#3371,#3372);
#2696=AXIS2_PLACEMENT_3D($,#4030,#3373,#3374);
#2697=AXIS2_PLACEMENT_3D($,#4031,#3375,#3376);
#2698=AXIS2_PLACEMENT_3D($,#4032,#3377,#3378);
#2699=DIRECTION('axis',(0.,0.,1.));
#2700=DIRECTION('refdir',(1.,0.,0.));
#2701=DIRECTION('center_axis',(0.,0.,1.));
#2702=DIRECTION('ref_axis',(1.,0.,0.));
#2703=DIRECTION('center_axis',(0.,0.,-1.));
#2704=DIRECTION('ref_axis',(1.,0.,0.));
#2705=DIRECTION('center_axis',(0.,0.,1.));
#2706=DIRECTION('ref_axis',(1.,0.,0.));
#2707=DIRECTION('center_axis',(0.,0.,1.));
#2708=DIRECTION('ref_axis',(1.,0.,0.));
#2709=DIRECTION('center_axis',(0.,0.,-1.));
#2710=DIRECTION('ref_axis',(1.,0.,0.));
#2711=DIRECTION('center_axis',(0.,0.,1.));
#2712=DIRECTION('ref_axis',(1.,0.,0.));
#2713=DIRECTION('center_axis',(0.,0.,1.));
#2714=DIRECTION('ref_axis',(1.,0.,0.));
#2715=DIRECTION('center_axis',(0.,0.,-1.));
#2716=DIRECTION('ref_axis',(1.,0.,0.));
#2717=DIRECTION('center_axis',(0.,0.,1.));
#2718=DIRECTION('ref_axis',(1.,0.,0.));
#2719=DIRECTION('center_axis',(0.,0.,1.));
#2720=DIRECTION('ref_axis',(1.,0.,0.));
#2721=DIRECTION('center_axis',(0.,0.,-1.));
#2722=DIRECTION('ref_axis',(1.,0.,0.));
#2723=DIRECTION('center_axis',(0.,0.,1.));
#2724=DIRECTION('ref_axis',(1.,0.,0.));
#2725=DIRECTION('center_axis',(0.,0.,1.));
#2726=DIRECTION('ref_axis',(1.,0.,0.));
#2727=DIRECTION($,(0.,1.,0.));
#2728=DIRECTION($,(-1.,0.,0.));
#2729=DIRECTION($,(0.,-1.,0.));
#2730=DIRECTION($,(1.,0.,0.));
#2731=DIRECTION('center_axis',(0.,0.,1.));
#2732=DIRECTION('ref_axis',(1.,0.,0.));
#2733=DIRECTION($,(0.,-1.,0.));
#2734=DIRECTION($,(-1.,0.,0.));
#2735=DIRECTION($,(0.,1.,0.));
#2736=DIRECTION($,(1.,0.,0.));
#2737=DIRECTION('center_axis',(0.,1.,0.));
#2738=DIRECTION('ref_axis',(0.,0.,1.));
#2739=DIRECTION($,(0.,0.,-1.));
#2740=DIRECTION($,(0.,0.,-1.));
#2741=DIRECTION('center_axis',(1.,0.,0.));
#2742=DIRECTION('ref_axis',(0.,0.,-1.));
#2743=DIRECTION($,(0.,0.,-1.));
#2744=DIRECTION('center_axis',(0.,-1.,0.));
#2745=DIRECTION('ref_axis',(0.,0.,-1.));
#2746=DIRECTION($,(0.,0.,-1.));
#2747=DIRECTION('center_axis',(-1.,0.,0.));
#2748=DIRECTION('ref_axis',(0.,0.,1.));
#2749=DIRECTION('center_axis',(-1.,0.,0.));
#2750=DIRECTION('ref_axis',(0.,0.,1.));
#2751=DIRECTION('center_axis',(-1.,0.,0.));
#2752=DIRECTION('ref_axis',(0.,0.,1.));
#2753=DIRECTION('center_axis',(1.,0.,0.));
#2754=DIRECTION('ref_axis',(0.,0.,1.));
#2755=DIRECTION('center_axis',(-1.,0.,0.));
#2756=DIRECTION('ref_axis',(0.,0.,1.));
#2757=DIRECTION('center_axis',(-1.,0.,0.));
#2758=DIRECTION('ref_axis',(0.,0.,1.));
#2759=DIRECTION('center_axis',(1.,0.,0.));
#2760=DIRECTION('ref_axis',(0.,0.,1.));
#2761=DIRECTION('center_axis',(-1.,0.,0.));
#2762=DIRECTION('ref_axis',(0.,0.,1.));
#2763=DIRECTION('center_axis',(-1.,0.,0.));
#2764=DIRECTION('ref_axis',(0.,0.,1.));
#2765=DIRECTION('center_axis',(1.,0.,0.));
#2766=DIRECTION('ref_axis',(0.,0.,1.));
#2767=DIRECTION('center_axis',(1.,0.,0.));
#2768=DIRECTION('ref_axis',(0.,0.,-1.));
#2769=DIRECTION($,(0.,1.,0.));
#2770=DIRECTION($,(0.,0.,1.));
#2771=DIRECTION($,(0.,-1.,0.));
#2772=DIRECTION($,(0.,0.,-1.));
#2773=DIRECTION('center_axis',(1.,0.,0.));
#2774=DIRECTION('ref_axis',(0.,0.,-1.));
#2775=DIRECTION($,(0.,1.,0.));
#2776=DIRECTION($,(0.,0.,1.));
#2777=DIRECTION($,(0.,1.,0.));
#2778=DIRECTION($,(0.,0.,-1.));
#2779=DIRECTION('center_axis',(0.,1.,0.));
#2780=DIRECTION('ref_axis',(0.,0.,1.));
#2781=DIRECTION($,(-1.,0.,0.));
#2782=DIRECTION($,(-1.,0.,0.));
#2783=DIRECTION('center_axis',(0.,0.,-1.));
#2784=DIRECTION('ref_axis',(-1.,0.,0.));
#2785=DIRECTION($,(-1.,0.,0.));
#2786=DIRECTION('center_axis',(0.,-1.,0.));
#2787=DIRECTION('ref_axis',(0.,0.,-1.));
#2788=DIRECTION($,(1.,0.,0.));
#2789=DIRECTION('center_axis',(0.,0.,1.));
#2790=DIRECTION('ref_axis',(1.,0.,0.));
#2791=DIRECTION('center_axis',(-1.,0.,0.));
#2792=DIRECTION('ref_axis',(0.,0.,1.));
#2793=DIRECTION('center_axis',(-1.,0.,0.));
#2794=DIRECTION('ref_axis',(0.,0.,1.));
#2795=DIRECTION('center_axis',(1.,0.,0.));
#2796=DIRECTION('ref_axis',(0.,0.,1.));
#2797=DIRECTION('center_axis',(-1.,0.,0.));
#2798=DIRECTION('ref_axis',(0.,0.,1.));
#2799=DIRECTION('center_axis',(-1.,0.,0.));
#2800=DIRECTION('ref_axis',(0.,0.,1.));
#2801=DIRECTION('center_axis',(1.,0.,0.));
#2802=DIRECTION('ref_axis',(0.,0.,1.));
#2803=DIRECTION('center_axis',(-1.,0.,0.));
#2804=DIRECTION('ref_axis',(0.,0.,1.));
#2805=DIRECTION('center_axis',(-1.,0.,0.));
#2806=DIRECTION('ref_axis',(0.,0.,1.));
#2807=DIRECTION('center_axis',(1.,0.,0.));
#2808=DIRECTION('ref_axis',(0.,0.,1.));
#2809=DIRECTION('center_axis',(1.,0.,0.));
#2810=DIRECTION('ref_axis',(0.,0.,-1.));
#2811=DIRECTION($,(0.,1.,0.));
#2812=DIRECTION($,(0.,0.,1.));
#2813=DIRECTION($,(0.,-1.,0.));
#2814=DIRECTION($,(0.,0.,-1.));
#2815=DIRECTION('center_axis',(1.,0.,0.));
#2816=DIRECTION('ref_axis',(0.,0.,-1.));
#2817=DIRECTION($,(0.,1.,0.));
#2818=DIRECTION($,(0.,0.,1.));
#2819=DIRECTION($,(0.,1.,0.));
#2820=DIRECTION($,(0.,0.,-1.));
#2821=DIRECTION('center_axis',(0.,1.,0.));
#2822=DIRECTION('ref_axis',(0.,0.,1.));
#2823=DIRECTION($,(-1.,0.,0.));
#2824=DIRECTION($,(-1.,0.,0.));
#2825=DIRECTION('center_axis',(0.,0.,-1.));
#2826=DIRECTION('ref_axis',(-1.,0.,0.));
#2827=DIRECTION($,(-1.,0.,0.));
#2828=DIRECTION('center_axis',(0.,-1.,0.));
#2829=DIRECTION('ref_axis',(0.,0.,-1.));
#2830=DIRECTION($,(1.,0.,0.));
#2831=DIRECTION('center_axis',(0.,0.,1.));
#2832=DIRECTION('ref_axis',(1.,0.,0.));
#2833=DIRECTION('center_axis',(-1.,0.,0.));
#2834=DIRECTION('ref_axis',(0.,0.,1.));
#2835=DIRECTION('center_axis',(-1.,0.,0.));
#2836=DIRECTION('ref_axis',(0.,0.,1.));
#2837=DIRECTION('center_axis',(1.,0.,0.));
#2838=DIRECTION('ref_axis',(0.,0.,1.));
#2839=DIRECTION('center_axis',(-1.,0.,0.));
#2840=DIRECTION('ref_axis',(0.,0.,1.));
#2841=DIRECTION('center_axis',(-1.,0.,0.));
#2842=DIRECTION('ref_axis',(0.,0.,1.));
#2843=DIRECTION('center_axis',(1.,0.,0.));
#2844=DIRECTION('ref_axis',(0.,0.,1.));
#2845=DIRECTION('center_axis',(-1.,0.,0.));
#2846=DIRECTION('ref_axis',(0.,0.,1.));
#2847=DIRECTION('center_axis',(-1.,0.,0.));
#2848=DIRECTION('ref_axis',(0.,0.,1.));
#2849=DIRECTION('center_axis',(1.,0.,0.));
#2850=DIRECTION('ref_axis',(0.,0.,1.));
#2851=DIRECTION('center_axis',(1.,0.,0.));
#2852=DIRECTION('ref_axis',(0.,0.,-1.));
#2853=DIRECTION($,(0.,1.,0.));
#2854=DIRECTION($,(0.,0.,1.));
#2855=DIRECTION($,(0.,-1.,0.));
#2856=DIRECTION($,(0.,0.,-1.));
#2857=DIRECTION('center_axis',(1.,0.,0.));
#2858=DIRECTION('ref_axis',(0.,0.,-1.));
#2859=DIRECTION($,(0.,1.,0.));
#2860=DIRECTION($,(0.,0.,1.));
#2861=DIRECTION($,(0.,1.,0.));
#2862=DIRECTION($,(0.,0.,-1.));
#2863=DIRECTION('center_axis',(0.,1.,0.));
#2864=DIRECTION('ref_axis',(0.,0.,1.));
#2865=DIRECTION($,(-1.,0.,0.));
#2866=DIRECTION($,(-1.,0.,0.));
#2867=DIRECTION('center_axis',(0.,0.,-1.));
#2868=DIRECTION('ref_axis',(-1.,0.,0.));
#2869=DIRECTION($,(-1.,0.,0.));
#2870=DIRECTION('center_axis',(0.,-1.,0.));
#2871=DIRECTION('ref_axis',(0.,0.,-1.));
#2872=DIRECTION($,(1.,0.,0.));
#2873=DIRECTION('center_axis',(0.,0.,1.));
#2874=DIRECTION('ref_axis',(1.,0.,0.));
#2875=DIRECTION('center_axis',(1.,0.,0.));
#2876=DIRECTION('ref_axis',(0.,0.,-1.));
#2877=DIRECTION('center_axis',(-1.,0.,0.));
#2878=DIRECTION('ref_axis',(0.,0.,-1.));
#2879=DIRECTION('center_axis',(1.,0.,0.));
#2880=DIRECTION('ref_axis',(0.,0.,-1.));
#2881=DIRECTION('center_axis',(-1.,0.,0.));
#2882=DIRECTION('ref_axis',(0.,0.,1.));
#2883=DIRECTION('center_axis',(1.,0.,0.));
#2884=DIRECTION('ref_axis',(0.,0.,-1.));
#2885=DIRECTION('center_axis',(1.,0.,0.));
#2886=DIRECTION('ref_axis',(0.,0.,-1.));
#2887=DIRECTION('center_axis',(-1.,0.,0.));
#2888=DIRECTION('ref_axis',(0.,0.,-1.));
#2889=DIRECTION('center_axis',(1.,0.,0.));
#2890=DIRECTION('ref_axis',(0.,0.,-1.));
#2891=DIRECTION('center_axis',(-1.,0.,0.));
#2892=DIRECTION('ref_axis',(0.,0.,1.));
#2893=DIRECTION('center_axis',(1.,0.,0.));
#2894=DIRECTION('ref_axis',(0.,0.,-1.));
#2895=DIRECTION('center_axis',(-1.,0.,0.));
#2896=DIRECTION('ref_axis',(0.,0.,1.));
#2897=DIRECTION('center_axis',(-1.,0.,0.));
#2898=DIRECTION('ref_axis',(0.,0.,1.));
#2899=DIRECTION('center_axis',(1.,0.,0.));
#2900=DIRECTION('ref_axis',(0.,0.,1.));
#2901=DIRECTION('center_axis',(-1.,0.,0.));
#2902=DIRECTION('ref_axis',(0.,0.,1.));
#2903=DIRECTION('center_axis',(-1.,0.,0.));
#2904=DIRECTION('ref_axis',(0.,0.,1.));
#2905=DIRECTION('center_axis',(1.,0.,0.));
#2906=DIRECTION('ref_axis',(0.,0.,1.));
#2907=DIRECTION('center_axis',(-1.,0.,0.));
#2908=DIRECTION('ref_axis',(0.,0.,1.));
#2909=DIRECTION('center_axis',(-1.,0.,0.));
#2910=DIRECTION('ref_axis',(0.,0.,1.));
#2911=DIRECTION('center_axis',(1.,0.,0.));
#2912=DIRECTION('ref_axis',(0.,0.,1.));
#2913=DIRECTION('center_axis',(1.,0.,0.));
#2914=DIRECTION('ref_axis',(0.,0.,-1.));
#2915=DIRECTION($,(0.,1.,0.));
#2916=DIRECTION($,(0.,0.,1.));
#2917=DIRECTION($,(0.,-1.,0.));
#2918=DIRECTION($,(0.,0.,-1.));
#2919=DIRECTION('center_axis',(1.,0.,0.));
#2920=DIRECTION('ref_axis',(0.,0.,-1.));
#2921=DIRECTION($,(0.,1.,0.));
#2922=DIRECTION($,(0.,0.,1.));
#2923=DIRECTION($,(0.,1.,0.));
#2924=DIRECTION($,(0.,0.,-1.));
#2925=DIRECTION('center_axis',(0.,1.,0.));
#2926=DIRECTION('ref_axis',(0.,0.,1.));
#2927=DIRECTION($,(-1.,0.,0.));
#2928=DIRECTION($,(-1.,0.,0.));
#2929=DIRECTION('center_axis',(0.,0.,-1.));
#2930=DIRECTION('ref_axis',(-1.,0.,0.));
#2931=DIRECTION($,(-1.,0.,0.));
#2932=DIRECTION('center_axis',(0.,-1.,0.));
#2933=DIRECTION('ref_axis',(0.,0.,-1.));
#2934=DIRECTION($,(1.,0.,0.));
#2935=DIRECTION('center_axis',(0.,0.,1.));
#2936=DIRECTION('ref_axis',(1.,0.,0.));
#2937=DIRECTION('center_axis',(-1.,0.,0.));
#2938=DIRECTION('ref_axis',(0.,0.,1.));
#2939=DIRECTION('center_axis',(1.,0.,0.));
#2940=DIRECTION('ref_axis',(0.,0.,1.));
#2941=DIRECTION('center_axis',(-1.,0.,0.));
#2942=DIRECTION('ref_axis',(0.,0.,1.));
#2943=DIRECTION('center_axis',(-1.,0.,0.));
#2944=DIRECTION('ref_axis',(0.,0.,1.));
#2945=DIRECTION('center_axis',(1.,0.,0.));
#2946=DIRECTION('ref_axis',(0.,0.,1.));
#2947=DIRECTION('center_axis',(-1.,0.,0.));
#2948=DIRECTION('ref_axis',(0.,0.,1.));
#2949=DIRECTION('center_axis',(-1.,0.,0.));
#2950=DIRECTION('ref_axis',(0.,0.,1.));
#2951=DIRECTION('center_axis',(1.,0.,0.));
#2952=DIRECTION('ref_axis',(0.,0.,1.));
#2953=DIRECTION('center_axis',(-1.,0.,0.));
#2954=DIRECTION('ref_axis',(0.,0.,1.));
#2955=DIRECTION('center_axis',(0.,1.,0.));
#2956=DIRECTION('ref_axis',(0.,0.,1.));
#2957=DIRECTION($,(0.,0.,1.));
#2958=DIRECTION($,(1.,0.,0.));
#2959=DIRECTION($,(0.,0.,-1.));
#2960=DIRECTION($,(-1.,0.,0.));
#2961=DIRECTION('center_axis',(0.,1.,0.));
#2962=DIRECTION('ref_axis',(0.,0.,1.));
#2963=DIRECTION($,(0.,0.,1.));
#2964=DIRECTION($,(-1.,0.,0.));
#2965=DIRECTION($,(0.,0.,-1.));
#2966=DIRECTION($,(1.,0.,0.));
#2967=DIRECTION('center_axis',(0.,0.,-1.));
#2968=DIRECTION('ref_axis',(-1.,0.,0.));
#2969=DIRECTION($,(0.,-1.,0.));
#2970=DIRECTION($,(0.,-1.,0.));
#2971=DIRECTION('center_axis',(1.,0.,0.));
#2972=DIRECTION('ref_axis',(0.,0.,-1.));
#2973=DIRECTION($,(0.,-1.,0.));
#2974=DIRECTION('center_axis',(0.,0.,1.));
#2975=DIRECTION('ref_axis',(1.,0.,0.));
#2976=DIRECTION($,(0.,-1.,0.));
#2977=DIRECTION('center_axis',(-1.,0.,0.));
#2978=DIRECTION('ref_axis',(0.,0.,1.));
#2979=DIRECTION('center_axis',(-1.,0.,0.));
#2980=DIRECTION('ref_axis',(0.,0.,1.));
#2981=DIRECTION('center_axis',(1.,0.,0.));
#2982=DIRECTION('ref_axis',(0.,0.,1.));
#2983=DIRECTION('center_axis',(-1.,0.,0.));
#2984=DIRECTION('ref_axis',(0.,0.,1.));
#2985=DIRECTION('center_axis',(-1.,0.,0.));
#2986=DIRECTION('ref_axis',(0.,0.,1.));
#2987=DIRECTION('center_axis',(1.,0.,0.));
#2988=DIRECTION('ref_axis',(0.,0.,1.));
#2989=DIRECTION('center_axis',(-1.,0.,0.));
#2990=DIRECTION('ref_axis',(0.,0.,1.));
#2991=DIRECTION('center_axis',(-1.,0.,0.));
#2992=DIRECTION('ref_axis',(0.,0.,1.));
#2993=DIRECTION('center_axis',(1.,0.,0.));
#2994=DIRECTION('ref_axis',(0.,0.,1.));
#2995=DIRECTION('center_axis',(-1.,0.,0.));
#2996=DIRECTION('ref_axis',(0.,0.,1.));
#2997=DIRECTION('center_axis',(0.,1.,0.));
#2998=DIRECTION('ref_axis',(0.,0.,1.));
#2999=DIRECTION($,(0.,0.,1.));
#3000=DIRECTION($,(1.,0.,0.));
#3001=DIRECTION($,(0.,0.,-1.));
#3002=DIRECTION($,(-1.,0.,0.));
#3003=DIRECTION('center_axis',(0.,1.,0.));
#3004=DIRECTION('ref_axis',(0.,0.,1.));
#3005=DIRECTION($,(0.,0.,1.));
#3006=DIRECTION($,(-1.,0.,0.));
#3007=DIRECTION($,(0.,0.,-1.));
#3008=DIRECTION($,(1.,0.,0.));
#3009=DIRECTION('center_axis',(0.,0.,-1.));
#3010=DIRECTION('ref_axis',(-1.,0.,0.));
#3011=DIRECTION($,(0.,-1.,0.));
#3012=DIRECTION($,(0.,-1.,0.));
#3013=DIRECTION('center_axis',(1.,0.,0.));
#3014=DIRECTION('ref_axis',(0.,0.,-1.));
#3015=DIRECTION($,(0.,-1.,0.));
#3016=DIRECTION('center_axis',(0.,0.,1.));
#3017=DIRECTION('ref_axis',(1.,0.,0.));
#3018=DIRECTION($,(0.,-1.,0.));
#3019=DIRECTION('center_axis',(-1.,0.,0.));
#3020=DIRECTION('ref_axis',(0.,0.,1.));
#3021=DIRECTION('center_axis',(0.,1.,0.));
#3022=DIRECTION('ref_axis',(0.,0.,1.));
#3023=DIRECTION($,(0.,0.,-1.));
#3024=DIRECTION($,(-1.,0.,0.));
#3025=DIRECTION($,(0.,0.,1.));
#3026=DIRECTION($,(1.,0.,0.));
#3027=DIRECTION('center_axis',(0.,1.,0.));
#3028=DIRECTION('ref_axis',(0.,0.,1.));
#3029=DIRECTION($,(0.,0.,-1.));
#3030=DIRECTION($,(-1.,0.,0.));
#3031=DIRECTION($,(0.,0.,1.));
#3032=DIRECTION($,(1.,0.,0.));
#3033=DIRECTION('center_axis',(0.,0.,-1.));
#3034=DIRECTION('ref_axis',(-1.,0.,0.));
#3035=DIRECTION($,(0.,1.,0.));
#3036=DIRECTION($,(0.,-1.,0.));
#3037=DIRECTION('center_axis',(1.,0.,0.));
#3038=DIRECTION('ref_axis',(0.,0.,-1.));
#3039=DIRECTION($,(0.,-1.,0.));
#3040=DIRECTION('center_axis',(0.,0.,1.));
#3041=DIRECTION('ref_axis',(1.,0.,0.));
#3042=DIRECTION($,(0.,1.,0.));
#3043=DIRECTION('center_axis',(-1.,0.,0.));
#3044=DIRECTION('ref_axis',(0.,0.,1.));
#3045=DIRECTION('center_axis',(0.,0.,1.));
#3046=DIRECTION('ref_axis',(1.,0.,0.));
#3047=DIRECTION('center_axis',(0.,0.,-1.));
#3048=DIRECTION('ref_axis',(1.,0.,0.));
#3049=DIRECTION('center_axis',(0.,0.,1.));
#3050=DIRECTION('ref_axis',(1.,0.,0.));
#3051=DIRECTION('center_axis',(0.,0.,1.));
#3052=DIRECTION('ref_axis',(1.,0.,0.));
#3053=DIRECTION('center_axis',(0.,0.,-1.));
#3054=DIRECTION('ref_axis',(1.,0.,0.));
#3055=DIRECTION('center_axis',(0.,0.,1.));
#3056=DIRECTION('ref_axis',(1.,0.,0.));
#3057=DIRECTION('center_axis',(1.,0.,0.));
#3058=DIRECTION('ref_axis',(0.,0.,-1.));
#3059=DIRECTION($,(0.,1.,0.));
#3060=DIRECTION($,(0.,0.,1.));
#3061=DIRECTION($,(0.,-1.,0.));
#3062=DIRECTION($,(0.,0.,-1.));
#3063=DIRECTION('center_axis',(1.,0.,0.));
#3064=DIRECTION('ref_axis',(0.,0.,-1.));
#3065=DIRECTION($,(0.,-1.,0.));
#3066=DIRECTION($,(0.,0.,1.));
#3067=DIRECTION($,(0.,1.,0.));
#3068=DIRECTION($,(0.,0.,-1.));
#3069=DIRECTION('center_axis',(0.,1.,0.));
#3070=DIRECTION('ref_axis',(0.,0.,1.));
#3071=DIRECTION($,(-1.,0.,0.));
#3072=DIRECTION($,(-1.,0.,0.));
#3073=DIRECTION('center_axis',(0.,0.,-1.));
#3074=DIRECTION('ref_axis',(-1.,0.,0.));
#3075=DIRECTION($,(-1.,0.,0.));
#3076=DIRECTION('center_axis',(0.,-1.,0.));
#3077=DIRECTION('ref_axis',(0.,0.,-1.));
#3078=DIRECTION($,(-1.,0.,0.));
#3079=DIRECTION('center_axis',(0.,0.,1.));
#3080=DIRECTION('ref_axis',(1.,0.,0.));
#3081=DIRECTION('center_axis',(0.,0.,1.));
#3082=DIRECTION('ref_axis',(1.,0.,0.));
#3083=DIRECTION('center_axis',(0.,0.,-1.));
#3084=DIRECTION('ref_axis',(1.,0.,0.));
#3085=DIRECTION('center_axis',(0.,0.,1.));
#3086=DIRECTION('ref_axis',(1.,0.,0.));
#3087=DIRECTION('center_axis',(0.,0.,1.));
#3088=DIRECTION('ref_axis',(1.,0.,0.));
#3089=DIRECTION('center_axis',(0.,0.,-1.));
#3090=DIRECTION('ref_axis',(1.,0.,0.));
#3091=DIRECTION('center_axis',(0.,0.,1.));
#3092=DIRECTION('ref_axis',(1.,0.,0.));
#3093=DIRECTION('center_axis',(1.,0.,0.));
#3094=DIRECTION('ref_axis',(0.,0.,-1.));
#3095=DIRECTION($,(0.,1.,0.));
#3096=DIRECTION($,(0.,0.,1.));
#3097=DIRECTION($,(0.,-1.,0.));
#3098=DIRECTION($,(0.,0.,-1.));
#3099=DIRECTION('center_axis',(1.,0.,0.));
#3100=DIRECTION('ref_axis',(0.,0.,-1.));
#3101=DIRECTION($,(0.,-1.,0.));
#3102=DIRECTION($,(0.,0.,1.));
#3103=DIRECTION($,(0.,1.,0.));
#3104=DIRECTION($,(0.,0.,-1.));
#3105=DIRECTION('center_axis',(0.,1.,0.));
#3106=DIRECTION('ref_axis',(0.,0.,1.));
#3107=DIRECTION($,(-1.,0.,0.));
#3108=DIRECTION($,(-1.,0.,0.));
#3109=DIRECTION('center_axis',(0.,0.,-1.));
#3110=DIRECTION('ref_axis',(-1.,0.,0.));
#3111=DIRECTION($,(-1.,0.,0.));
#3112=DIRECTION('center_axis',(0.,-1.,0.));
#3113=DIRECTION('ref_axis',(0.,0.,-1.));
#3114=DIRECTION($,(-1.,0.,0.));
#3115=DIRECTION('center_axis',(0.,0.,1.));
#3116=DIRECTION('ref_axis',(1.,0.,0.));
#3117=DIRECTION('center_axis',(0.,0.,1.));
#3118=DIRECTION('ref_axis',(1.,0.,0.));
#3119=DIRECTION('center_axis',(0.,0.,-1.));
#3120=DIRECTION('ref_axis',(1.,0.,0.));
#3121=DIRECTION('center_axis',(0.,0.,1.));
#3122=DIRECTION('ref_axis',(1.,0.,0.));
#3123=DIRECTION('center_axis',(0.,0.,-1.));
#3124=DIRECTION('ref_axis',(-1.,0.,0.));
#3125=DIRECTION('center_axis',(0.,0.,1.));
#3126=DIRECTION('ref_axis',(1.,0.,0.));
#3127=DIRECTION('center_axis',(0.,0.,1.));
#3128=DIRECTION('ref_axis',(1.,0.,0.));
#3129=DIRECTION('center_axis',(0.,0.,-1.));
#3130=DIRECTION('ref_axis',(1.,0.,0.));
#3131=DIRECTION('center_axis',(0.,0.,1.));
#3132=DIRECTION('ref_axis',(1.,0.,0.));
#3133=DIRECTION('center_axis',(0.,0.,-1.));
#3134=DIRECTION('ref_axis',(-1.,0.,0.));
#3135=DIRECTION('center_axis',(0.,0.,1.));
#3136=DIRECTION('ref_axis',(1.,0.,0.));
#3137=DIRECTION('center_axis',(0.,0.,1.));
#3138=DIRECTION('ref_axis',(1.,0.,0.));
#3139=DIRECTION('center_axis',(0.,0.,-1.));
#3140=DIRECTION('ref_axis',(1.,0.,0.));
#3141=DIRECTION('center_axis',(0.,0.,1.));
#3142=DIRECTION('ref_axis',(1.,0.,0.));
#3143=DIRECTION('center_axis',(0.,0.,-1.));
#3144=DIRECTION('ref_axis',(-1.,0.,0.));
#3145=DIRECTION('center_axis',(0.,0.,1.));
#3146=DIRECTION('ref_axis',(1.,0.,0.));
#3147=DIRECTION('center_axis',(0.,0.,1.));
#3148=DIRECTION('ref_axis',(1.,0.,0.));
#3149=DIRECTION('center_axis',(0.,0.,-1.));
#3150=DIRECTION('ref_axis',(1.,0.,0.));
#3151=DIRECTION('center_axis',(0.,0.,1.));
#3152=DIRECTION('ref_axis',(1.,0.,0.));
#3153=DIRECTION('center_axis',(0.,0.,-1.));
#3154=DIRECTION('ref_axis',(-1.,0.,0.));
#3155=DIRECTION('center_axis',(0.,0.,1.));
#3156=DIRECTION('ref_axis',(1.,0.,0.));
#3157=DIRECTION('center_axis',(0.,0.,1.));
#3158=DIRECTION('ref_axis',(1.,0.,0.));
#3159=DIRECTION('center_axis',(0.,0.,-1.));
#3160=DIRECTION('ref_axis',(1.,0.,0.));
#3161=DIRECTION($,(0.,-1.,0.));
#3162=DIRECTION($,(1.,0.,0.));
#3163=DIRECTION($,(0.,1.,0.));
#3164=DIRECTION('center_axis',(0.,0.,1.));
#3165=DIRECTION('ref_axis',(1.,0.,0.));
#3166=DIRECTION('center_axis',(0.,0.,-1.));
#3167=DIRECTION('ref_axis',(1.,0.,0.));
#3168=DIRECTION($,(0.,1.,0.));
#3169=DIRECTION($,(-1.,0.,0.));
#3170=DIRECTION($,(0.,-1.,0.));
#3171=DIRECTION('center_axis',(1.,0.,0.));
#3172=DIRECTION('ref_axis',(0.,0.,-1.));
#3173=DIRECTION($,(0.,0.,-1.));
#3174=DIRECTION($,(0.,-1.,0.));
#3175=DIRECTION($,(0.,0.,1.));
#3176=DIRECTION($,(0.,-1.,0.));
#3177=DIRECTION('center_axis',(1.,0.,0.));
#3178=DIRECTION('ref_axis',(0.,0.,-1.));
#3179=DIRECTION('center_axis',(1.,0.,0.));
#3180=DIRECTION('ref_axis',(0.,0.,-1.));
#3181=DIRECTION('center_axis',(0.,0.,-1.));
#3182=DIRECTION('ref_axis',(-1.,0.,0.));
#3183=DIRECTION($,(-1.,0.,0.));
#3184=DIRECTION($,(0.,1.,0.));
#3185=DIRECTION($,(1.,0.,0.));
#3186=DIRECTION('center_axis',(-1.,0.,0.));
#3187=DIRECTION('ref_axis',(0.,0.,1.));
#3188=DIRECTION($,(0.,0.,1.));
#3189=DIRECTION($,(0.,1.,0.));
#3190=DIRECTION($,(0.,0.,-1.));
#3191=DIRECTION('center_axis',(-1.,0.,0.));
#3192=DIRECTION('ref_axis',(0.,0.,-1.));
#3193=DIRECTION('center_axis',(-1.,0.,0.));
#3194=DIRECTION('ref_axis',(0.,0.,-1.));
#3195=DIRECTION('center_axis',(0.,1.,0.));
#3196=DIRECTION('ref_axis',(0.,0.,1.));
#3197=DIRECTION($,(-1.,0.,0.));
#3198=DIRECTION($,(0.,0.,-1.));
#3199=DIRECTION($,(0.,0.,-1.));
#3200=DIRECTION($,(-1.,0.,0.));
#3201=DIRECTION('center_axis',(0.,0.,1.));
#3202=DIRECTION('ref_axis',(1.,0.,0.));
#3203=DIRECTION($,(-1.,0.,0.));
#3204=DIRECTION($,(0.,-1.,0.));
#3205=DIRECTION('center_axis',(0.,0.,1.));
#3206=DIRECTION('ref_axis',(1.,0.,0.));
#3207=DIRECTION($,(0.,1.,0.));
#3208=DIRECTION($,(-1.,0.,0.));
#3209=DIRECTION('center_axis',(1.,0.,0.));
#3210=DIRECTION('ref_axis',(0.,0.,-1.));
#3211=DIRECTION('center_axis',(-1.,0.,0.));
#3212=DIRECTION('ref_axis',(0.,0.,-1.));
#3213=DIRECTION('center_axis',(1.,0.,0.));
#3214=DIRECTION('ref_axis',(0.,0.,-1.));
#3215=DIRECTION('center_axis',(-1.,0.,0.));
#3216=DIRECTION('ref_axis',(0.,0.,-1.));
#3217=DIRECTION('center_axis',(1.,0.,0.));
#3218=DIRECTION('ref_axis',(0.,0.,-1.));
#3219=DIRECTION('center_axis',(1.,0.,0.));
#3220=DIRECTION('ref_axis',(0.,0.,-1.));
#3221=DIRECTION('center_axis',(1.,0.,0.));
#3222=DIRECTION('ref_axis',(0.,0.,-1.));
#3223=DIRECTION('center_axis',(1.,0.,0.));
#3224=DIRECTION('ref_axis',(0.,0.,-1.));
#3225=DIRECTION('center_axis',(1.,0.,0.));
#3226=DIRECTION('ref_axis',(0.,0.,-1.));
#3227=DIRECTION($,(0.,0.,1.));
#3228=DIRECTION('center_axis',(0.,-1.,0.));
#3229=DIRECTION('ref_axis',(0.,0.,-1.));
#3230=DIRECTION($,(0.,0.,-1.));
#3231=DIRECTION('center_axis',(-1.,0.,0.));
#3232=DIRECTION('ref_axis',(0.,0.,1.));
#3233=DIRECTION('center_axis',(0.,0.,1.));
#3234=DIRECTION('ref_axis',(1.,0.,0.));
#3235=DIRECTION('center_axis',(0.,0.,1.));
#3236=DIRECTION('ref_axis',(1.,0.,0.));
#3237=DIRECTION('center_axis',(0.,0.,1.));
#3238=DIRECTION('ref_axis',(1.,0.,0.));
#3239=DIRECTION('center_axis',(0.,0.,1.));
#3240=DIRECTION('ref_axis',(1.,0.,0.));
#3241=DIRECTION('center_axis',(0.,0.,-1.));
#3242=DIRECTION('ref_axis',(1.,0.,0.));
#3243=DIRECTION($,(0.,-1.,0.));
#3244=DIRECTION($,(1.,0.,0.));
#3245=DIRECTION($,(0.,1.,0.));
#3246=DIRECTION('center_axis',(0.,0.,1.));
#3247=DIRECTION('ref_axis',(1.,0.,0.));
#3248=DIRECTION('center_axis',(0.,0.,-1.));
#3249=DIRECTION('ref_axis',(1.,0.,0.));
#3250=DIRECTION($,(0.,1.,0.));
#3251=DIRECTION($,(-1.,0.,0.));
#3252=DIRECTION($,(0.,-1.,0.));
#3253=DIRECTION('center_axis',(1.,0.,0.));
#3254=DIRECTION('ref_axis',(0.,0.,-1.));
#3255=DIRECTION($,(0.,0.,-1.));
#3256=DIRECTION($,(0.,-1.,0.));
#3257=DIRECTION($,(0.,0.,1.));
#3258=DIRECTION($,(0.,-1.,0.));
#3259=DIRECTION('center_axis',(1.,0.,0.));
#3260=DIRECTION('ref_axis',(0.,0.,-1.));
#3261=DIRECTION('center_axis',(1.,0.,0.));
#3262=DIRECTION('ref_axis',(0.,0.,-1.));
#3263=DIRECTION('center_axis',(0.,0.,-1.));
#3264=DIRECTION('ref_axis',(-1.,0.,0.));
#3265=DIRECTION($,(-1.,0.,0.));
#3266=DIRECTION($,(0.,1.,0.));
#3267=DIRECTION($,(1.,0.,0.));
#3268=DIRECTION('center_axis',(-1.,0.,0.));
#3269=DIRECTION('ref_axis',(0.,0.,1.));
#3270=DIRECTION($,(0.,0.,1.));
#3271=DIRECTION($,(0.,1.,0.));
#3272=DIRECTION($,(0.,0.,-1.));
#3273=DIRECTION('center_axis',(-1.,0.,0.));
#3274=DIRECTION('ref_axis',(0.,0.,-1.));
#3275=DIRECTION('center_axis',(-1.,0.,0.));
#3276=DIRECTION('ref_axis',(0.,0.,-1.));
#3277=DIRECTION('center_axis',(0.,1.,0.));
#3278=DIRECTION('ref_axis',(0.,0.,1.));
#3279=DIRECTION($,(-1.,0.,0.));
#3280=DIRECTION($,(0.,0.,-1.));
#3281=DIRECTION($,(0.,0.,-1.));
#3282=DIRECTION($,(-1.,0.,0.));
#3283=DIRECTION('center_axis',(0.,0.,1.));
#3284=DIRECTION('ref_axis',(1.,0.,0.));
#3285=DIRECTION($,(-1.,0.,0.));
#3286=DIRECTION($,(0.,-1.,0.));
#3287=DIRECTION('center_axis',(0.,0.,1.));
#3288=DIRECTION('ref_axis',(1.,0.,0.));
#3289=DIRECTION($,(0.,1.,0.));
#3290=DIRECTION($,(-1.,0.,0.));
#3291=DIRECTION('center_axis',(1.,0.,0.));
#3292=DIRECTION('ref_axis',(0.,0.,-1.));
#3293=DIRECTION('center_axis',(-1.,0.,0.));
#3294=DIRECTION('ref_axis',(0.,0.,-1.));
#3295=DIRECTION('center_axis',(1.,0.,0.));
#3296=DIRECTION('ref_axis',(0.,0.,-1.));
#3297=DIRECTION('center_axis',(-1.,0.,0.));
#3298=DIRECTION('ref_axis',(0.,0.,-1.));
#3299=DIRECTION('center_axis',(1.,0.,0.));
#3300=DIRECTION('ref_axis',(0.,0.,-1.));
#3301=DIRECTION('center_axis',(1.,0.,0.));
#3302=DIRECTION('ref_axis',(0.,0.,-1.));
#3303=DIRECTION('center_axis',(1.,0.,0.));
#3304=DIRECTION('ref_axis',(0.,0.,-1.));
#3305=DIRECTION('center_axis',(1.,0.,0.));
#3306=DIRECTION('ref_axis',(0.,0.,-1.));
#3307=DIRECTION('center_axis',(1.,0.,0.));
#3308=DIRECTION('ref_axis',(0.,0.,-1.));
#3309=DIRECTION($,(0.,0.,1.));
#3310=DIRECTION('center_axis',(0.,-1.,0.));
#3311=DIRECTION('ref_axis',(0.,0.,-1.));
#3312=DIRECTION($,(0.,0.,-1.));
#3313=DIRECTION('center_axis',(-1.,0.,0.));
#3314=DIRECTION('ref_axis',(0.,0.,1.));
#3315=DIRECTION('center_axis',(0.,0.,1.));
#3316=DIRECTION('ref_axis',(1.,0.,0.));
#3317=DIRECTION('center_axis',(0.,0.,1.));
#3318=DIRECTION('ref_axis',(1.,0.,0.));
#3319=DIRECTION('center_axis',(0.,0.,1.));
#3320=DIRECTION('ref_axis',(1.,0.,0.));
#3321=DIRECTION('center_axis',(0.,1.,0.));
#3322=DIRECTION('ref_axis',(0.,0.,1.));
#3323=DIRECTION($,(0.,0.,1.));
#3324=DIRECTION($,(1.,0.,0.));
#3325=DIRECTION($,(0.,0.,-1.));
#3326=DIRECTION($,(-1.,0.,0.));
#3327=DIRECTION('center_axis',(0.,1.,0.));
#3328=DIRECTION('ref_axis',(0.,0.,1.));
#3329=DIRECTION($,(0.,0.,1.));
#3330=DIRECTION($,(-1.,0.,0.));
#3331=DIRECTION($,(0.,0.,1.));
#3332=DIRECTION($,(1.,0.,0.));
#3333=DIRECTION('center_axis',(0.,0.,-1.));
#3334=DIRECTION('ref_axis',(-1.,0.,0.));
#3335=DIRECTION($,(0.,1.,0.));
#3336=DIRECTION($,(0.,-1.,0.));
#3337=DIRECTION('center_axis',(1.,0.,0.));
#3338=DIRECTION('ref_axis',(0.,0.,-1.));
#3339=DIRECTION($,(0.,-1.,0.));
#3340=DIRECTION('center_axis',(0.,0.,1.));
#3341=DIRECTION('ref_axis',(1.,0.,0.));
#3342=DIRECTION($,(0.,-1.,0.));
#3343=DIRECTION('center_axis',(-1.,0.,0.));
#3344=DIRECTION('ref_axis',(0.,0.,1.));
#3345=DIRECTION('center_axis',(0.,1.,0.));
#3346=DIRECTION('ref_axis',(0.,0.,1.));
#3347=DIRECTION($,(0.,0.,1.));
#3348=DIRECTION($,(1.,0.,0.));
#3349=DIRECTION($,(0.,0.,-1.));
#3350=DIRECTION($,(-1.,0.,0.));
#3351=DIRECTION('center_axis',(0.,1.,0.));
#3352=DIRECTION('ref_axis',(0.,0.,1.));
#3353=DIRECTION($,(0.,0.,1.));
#3354=DIRECTION($,(-1.,0.,0.));
#3355=DIRECTION($,(0.,0.,1.));
#3356=DIRECTION($,(1.,0.,0.));
#3357=DIRECTION('center_axis',(0.,0.,-1.));
#3358=DIRECTION('ref_axis',(-1.,0.,0.));
#3359=DIRECTION($,(0.,1.,0.));
#3360=DIRECTION($,(0.,-1.,0.));
#3361=DIRECTION('center_axis',(1.,0.,0.));
#3362=DIRECTION('ref_axis',(0.,0.,-1.));
#3363=DIRECTION($,(0.,-1.,0.));
#3364=DIRECTION('center_axis',(0.,0.,1.));
#3365=DIRECTION('ref_axis',(1.,0.,0.));
#3366=DIRECTION($,(0.,-1.,0.));
#3367=DIRECTION('center_axis',(-1.,0.,0.));
#3368=DIRECTION('ref_axis',(0.,0.,1.));
#3369=DIRECTION('center_axis',(1.,0.,0.));
#3370=DIRECTION('ref_axis',(0.,0.,-1.));
#3371=DIRECTION('center_axis',(-1.,0.,0.));
#3372=DIRECTION('ref_axis',(0.,0.,-1.));
#3373=DIRECTION('center_axis',(1.,0.,0.));
#3374=DIRECTION('ref_axis',(0.,0.,-1.));
#3375=DIRECTION('center_axis',(-1.,0.,0.));
#3376=DIRECTION('ref_axis',(0.,0.,1.));
#3377=DIRECTION('center_axis',(1.,0.,0.));
#3378=DIRECTION('ref_axis',(0.,0.,-1.));
#3379=CARTESIAN_POINT('',(0.,0.,0.));
#3380=CARTESIAN_POINT('Origin',(-2.99,9.29997024383545,0.400045776367187));
#3381=CARTESIAN_POINT('',(-3.155,9.29997024383545,0.5));
#3382=CARTESIAN_POINT('Origin',(-2.99,9.29997024383545,0.5));
#3383=CARTESIAN_POINT('',(-3.155,9.29997024383545,0.));
#3384=CARTESIAN_POINT('Origin',(-2.99,9.29997024383545,0.));
#3385=CARTESIAN_POINT('Origin',(-2.99,10.6999702438354,0.400045776367187));
#3386=CARTESIAN_POINT('',(-3.155,10.6999702438354,0.5));
#3387=CARTESIAN_POINT('Origin',(-2.99,10.6999702438354,0.5));
#3388=CARTESIAN_POINT('',(-3.155,10.6999702438354,0.));
#3389=CARTESIAN_POINT('Origin',(-2.99,10.6999702438354,0.));
#3390=CARTESIAN_POINT('Origin',(-23.01,10.6999702438355,0.100045776367187));
#3391=CARTESIAN_POINT('',(-23.175,10.6999702438355,0.5));
#3392=CARTESIAN_POINT('Origin',(-23.01,10.6999702438355,0.5));
#3393=CARTESIAN_POINT('',(-23.175,10.6999702438355,0.));
#3394=CARTESIAN_POINT('Origin',(-23.01,10.6999702438355,0.));
#3395=CARTESIAN_POINT('Origin',(-23.01,9.29997024383545,0.100045776367187));
#3396=CARTESIAN_POINT('',(-23.175,9.29997024383545,0.5));
#3397=CARTESIAN_POINT('Origin',(-23.01,9.29997024383545,0.5));
#3398=CARTESIAN_POINT('',(-23.175,9.29997024383545,0.));
#3399=CARTESIAN_POINT('Origin',(-23.01,9.29997024383545,0.));
#3400=CARTESIAN_POINT('Origin',(-13.,10.,0.5));
#3401=CARTESIAN_POINT('',(-2.,8.5,0.5));
#3402=CARTESIAN_POINT('',(-2.,11.5,0.5));
#3403=CARTESIAN_POINT($,(-2.,10.,0.5));
#3404=CARTESIAN_POINT('',(-24.,11.5,0.5));
#3405=CARTESIAN_POINT($,(-13.,11.5,0.5));
#3406=CARTESIAN_POINT('',(-24.,8.5,0.5));
#3407=CARTESIAN_POINT($,(-24.,10.,0.5));
#3408=CARTESIAN_POINT($,(-13.,8.5,0.5));
#3409=CARTESIAN_POINT('Origin',(-13.,10.,0.));
#3410=CARTESIAN_POINT('',(-2.,11.5,0.));
#3411=CARTESIAN_POINT('',(-2.,8.5,0.));
#3412=CARTESIAN_POINT($,(-2.,10.,0.));
#3413=CARTESIAN_POINT('',(-24.,8.5,0.));
#3414=CARTESIAN_POINT($,(-13.,8.5,0.));
#3415=CARTESIAN_POINT('',(-24.,11.5,0.));
#3416=CARTESIAN_POINT($,(-24.,10.,0.));
#3417=CARTESIAN_POINT($,(-13.,11.5,0.));
#3418=CARTESIAN_POINT('Origin',(-13.,8.5,0.25));
#3419=CARTESIAN_POINT($,(-24.,8.5,0.25));
#3420=CARTESIAN_POINT($,(-2.,8.5,0.25));
#3421=CARTESIAN_POINT('Origin',(-24.,10.,0.25));
#3422=CARTESIAN_POINT($,(-24.,11.5,0.25));
#3423=CARTESIAN_POINT('Origin',(-13.,11.5,0.25));
#3424=CARTESIAN_POINT($,(-2.,11.5,0.25));
#3425=CARTESIAN_POINT('Origin',(-2.,10.,0.25));
#3426=CARTESIAN_POINT('Origin',(-1.7,10.,8.3));
#3427=CARTESIAN_POINT('',(-1.,10.,8.));
#3428=CARTESIAN_POINT('Origin',(-1.,10.,8.3));
#3429=CARTESIAN_POINT('',(-2.,10.,8.));
#3430=CARTESIAN_POINT('Origin',(-2.,10.,8.3));
#3431=CARTESIAN_POINT('Origin',(-1.7,10.,6.));
#3432=CARTESIAN_POINT('',(-1.,10.,5.7));
#3433=CARTESIAN_POINT('Origin',(-1.,10.,6.));
#3434=CARTESIAN_POINT('',(-2.,10.,5.7));
#3435=CARTESIAN_POINT('Origin',(-2.,10.,6.));
#3436=CARTESIAN_POINT('Origin',(-1.7,10.,3.7));
#3437=CARTESIAN_POINT('',(-1.,10.,3.4));
#3438=CARTESIAN_POINT('Origin',(-1.,10.,3.7));
#3439=CARTESIAN_POINT('',(-2.,10.,3.4));
#3440=CARTESIAN_POINT('Origin',(-2.,10.,3.7));
#3441=CARTESIAN_POINT('Origin',(-1.,10.,5.));
#3442=CARTESIAN_POINT('',(-1.,8.5,2.22044604925031E-016));
#3443=CARTESIAN_POINT('',(-1.,11.5,2.22044604925031E-016));
#3444=CARTESIAN_POINT($,(-1.,10.,0.));
#3445=CARTESIAN_POINT('',(-1.,11.5,9.));
#3446=CARTESIAN_POINT($,(-1.,11.5,5.));
#3447=CARTESIAN_POINT('',(-1.,8.5,9.));
#3448=CARTESIAN_POINT($,(-1.,10.,9.));
#3449=CARTESIAN_POINT($,(-1.,8.5,5.));
#3450=CARTESIAN_POINT('Origin',(-2.,10.,5.));
#3451=CARTESIAN_POINT('',(-2.,11.5,2.22044604925031E-016));
#3452=CARTESIAN_POINT('',(-2.,8.5,2.22044604925031E-016));
#3453=CARTESIAN_POINT($,(-2.,10.,0.));
#3454=CARTESIAN_POINT('',(-2.,8.5,9.));
#3455=CARTESIAN_POINT($,(-2.,8.5,5.));
#3456=CARTESIAN_POINT('',(-2.,11.5,9.));
#3457=CARTESIAN_POINT($,(-2.,10.,9.));
#3458=CARTESIAN_POINT($,(-2.,11.5,5.));
#3459=CARTESIAN_POINT('Origin',(-1.5,8.5,5.));
#3460=CARTESIAN_POINT($,(-1.5,8.5,9.));
#3461=CARTESIAN_POINT($,(-1.5,8.5,0.));
#3462=CARTESIAN_POINT('Origin',(-1.5,10.,9.));
#3463=CARTESIAN_POINT($,(-1.5,11.5,9.));
#3464=CARTESIAN_POINT('Origin',(-1.5,11.5,5.));
#3465=CARTESIAN_POINT($,(-1.5,11.5,0.));
#3466=CARTESIAN_POINT('Origin',(-1.5,10.,4.44089209850063E-016));
#3467=CARTESIAN_POINT('Origin',(-24.7,10.,8.3));
#3468=CARTESIAN_POINT('',(-24.,10.,8.));
#3469=CARTESIAN_POINT('Origin',(-24.,10.,8.3));
#3470=CARTESIAN_POINT('',(-25.,10.,8.));
#3471=CARTESIAN_POINT('Origin',(-25.,10.,8.3));
#3472=CARTESIAN_POINT('Origin',(-24.7,10.,6.));
#3473=CARTESIAN_POINT('',(-24.,10.,5.7));
#3474=CARTESIAN_POINT('Origin',(-24.,10.,6.));
#3475=CARTESIAN_POINT('',(-25.,10.,5.7));
#3476=CARTESIAN_POINT('Origin',(-25.,10.,6.));
#3477=CARTESIAN_POINT('Origin',(-24.7,10.,3.7));
#3478=CARTESIAN_POINT('',(-24.,10.,3.4));
#3479=CARTESIAN_POINT('Origin',(-24.,10.,3.7));
#3480=CARTESIAN_POINT('',(-25.,10.,3.4));
#3481=CARTESIAN_POINT('Origin',(-25.,10.,3.7));
#3482=CARTESIAN_POINT('Origin',(-24.,10.,5.));
#3483=CARTESIAN_POINT('',(-24.,8.5,2.22044604925031E-016));
#3484=CARTESIAN_POINT('',(-24.,11.5,2.22044604925031E-016));
#3485=CARTESIAN_POINT($,(-24.,10.,0.));
#3486=CARTESIAN_POINT('',(-24.,11.5,9.));
#3487=CARTESIAN_POINT($,(-24.,11.5,5.));
#3488=CARTESIAN_POINT('',(-24.,8.5,9.));
#3489=CARTESIAN_POINT($,(-24.,10.,9.));
#3490=CARTESIAN_POINT($,(-24.,8.5,5.));
#3491=CARTESIAN_POINT('Origin',(-25.,10.,5.));
#3492=CARTESIAN_POINT('',(-25.,11.5,2.22044604925031E-016));
#3493=CARTESIAN_POINT('',(-25.,8.5,2.22044604925031E-016));
#3494=CARTESIAN_POINT($,(-25.,10.,0.));
#3495=CARTESIAN_POINT('',(-25.,8.5,9.));
#3496=CARTESIAN_POINT($,(-25.,8.5,5.));
#3497=CARTESIAN_POINT('',(-25.,11.5,9.));
#3498=CARTESIAN_POINT($,(-25.,10.,9.));
#3499=CARTESIAN_POINT($,(-25.,11.5,5.));
#3500=CARTESIAN_POINT('Origin',(-24.5,8.5,5.));
#3501=CARTESIAN_POINT($,(-24.5,8.5,9.));
#3502=CARTESIAN_POINT($,(-24.5,8.5,0.));
#3503=CARTESIAN_POINT('Origin',(-24.5,10.,9.));
#3504=CARTESIAN_POINT($,(-24.5,11.5,9.));
#3505=CARTESIAN_POINT('Origin',(-24.5,11.5,5.));
#3506=CARTESIAN_POINT($,(-24.5,11.5,0.));
#3507=CARTESIAN_POINT('Origin',(-24.5,10.,4.44089209850063E-016));
#3508=CARTESIAN_POINT('Origin',(-23.6,10.,8.3));
#3509=CARTESIAN_POINT('',(-22.9,10.,8.));
#3510=CARTESIAN_POINT('Origin',(-22.9,10.,8.3));
#3511=CARTESIAN_POINT('',(-23.9,10.,8.));
#3512=CARTESIAN_POINT('Origin',(-23.9,10.,8.3));
#3513=CARTESIAN_POINT('Origin',(-23.6,10.,6.));
#3514=CARTESIAN_POINT('',(-22.9,10.,5.7));
#3515=CARTESIAN_POINT('Origin',(-22.9,10.,6.));
#3516=CARTESIAN_POINT('',(-23.9,10.,5.7));
#3517=CARTESIAN_POINT('Origin',(-23.9,10.,6.));
#3518=CARTESIAN_POINT('Origin',(-23.6,10.,3.7));
#3519=CARTESIAN_POINT('',(-22.9,10.,3.4));
#3520=CARTESIAN_POINT('Origin',(-22.9,10.,3.7));
#3521=CARTESIAN_POINT('',(-23.9,10.,3.4));
#3522=CARTESIAN_POINT('Origin',(-23.9,10.,3.7));
#3523=CARTESIAN_POINT('Origin',(-22.9,10.,5.));
#3524=CARTESIAN_POINT('',(-22.9,8.5,3.1));
#3525=CARTESIAN_POINT('',(-22.9,11.5,3.1));
#3526=CARTESIAN_POINT($,(-22.9,10.,3.1));
#3527=CARTESIAN_POINT('',(-22.9,11.5,9.));
#3528=CARTESIAN_POINT($,(-22.9,11.5,5.));
#3529=CARTESIAN_POINT('',(-22.9,8.5,9.));
#3530=CARTESIAN_POINT($,(-22.9,10.,9.));
#3531=CARTESIAN_POINT($,(-22.9,8.5,5.));
#3532=CARTESIAN_POINT('Origin',(-23.9,10.,5.));
#3533=CARTESIAN_POINT('',(-23.9,11.5,3.1));
#3534=CARTESIAN_POINT('',(-23.9,8.5,3.1));
#3535=CARTESIAN_POINT($,(-23.9,10.,3.1));
#3536=CARTESIAN_POINT('',(-23.9,8.5,9.));
#3537=CARTESIAN_POINT($,(-23.9,8.5,5.));
#3538=CARTESIAN_POINT('',(-23.9,11.5,9.));
#3539=CARTESIAN_POINT($,(-23.9,10.,9.));
#3540=CARTESIAN_POINT($,(-23.9,11.5,5.));
#3541=CARTESIAN_POINT('Origin',(-23.4,8.5,5.));
#3542=CARTESIAN_POINT($,(-23.4,8.5,9.));
#3543=CARTESIAN_POINT($,(-23.4,8.5,3.1));
#3544=CARTESIAN_POINT('Origin',(-23.4,10.,9.));
#3545=CARTESIAN_POINT($,(-23.4,11.5,9.));
#3546=CARTESIAN_POINT('Origin',(-23.4,11.5,5.));
#3547=CARTESIAN_POINT($,(-23.4,11.5,3.1));
#3548=CARTESIAN_POINT('Origin',(-23.4,10.,3.1));
#3549=CARTESIAN_POINT('Origin',(-23.3500015258789,9.93574047088623,11.1100835800171));
#3550=CARTESIAN_POINT('',(-23.8500015258789,9.93574047088623,9.06008358001709));
#3551=CARTESIAN_POINT('Origin',(-23.8500015258789,9.93574047088623,11.1100835800171));
#3552=CARTESIAN_POINT('',(-22.8500015258789,9.93574047088623,9.06008358001709));
#3553=CARTESIAN_POINT('Origin',(-22.8500015258789,9.93574047088623,11.1100835800171));
#3554=CARTESIAN_POINT('Origin',(-23.8500015258789,9.93574047088623,11.1100835800171));
#3555=CARTESIAN_POINT('Origin',(-22.8500015258789,9.93574047088623,11.1100835800171));
#3556=CARTESIAN_POINT('Origin',(-2.5500015258789,9.93574047088623,11.1100835800171));
#3557=CARTESIAN_POINT('',(-3.0500015258789,9.93574047088623,9.06008358001709));
#3558=CARTESIAN_POINT('Origin',(-3.0500015258789,9.93574047088623,11.1100835800171));
#3559=CARTESIAN_POINT('',(-2.0500015258789,9.93574047088623,9.06008358001709));
#3560=CARTESIAN_POINT('Origin',(-2.0500015258789,9.93574047088623,11.1100835800171));
#3561=CARTESIAN_POINT('Origin',(-3.0500015258789,9.93574047088623,11.1100835800171));
#3562=CARTESIAN_POINT('Origin',(-2.0500015258789,9.93574047088623,11.1100835800171));
#3563=CARTESIAN_POINT('Origin',(-2.8,10.,8.3));
#3564=CARTESIAN_POINT('',(-2.1,10.,8.));
#3565=CARTESIAN_POINT('Origin',(-2.1,10.,8.3));
#3566=CARTESIAN_POINT('',(-3.1,10.,8.));
#3567=CARTESIAN_POINT('Origin',(-3.1,10.,8.3));
#3568=CARTESIAN_POINT('Origin',(-2.8,10.,6.));
#3569=CARTESIAN_POINT('',(-2.1,10.,5.7));
#3570=CARTESIAN_POINT('Origin',(-2.1,10.,6.));
#3571=CARTESIAN_POINT('',(-3.1,10.,5.7));
#3572=CARTESIAN_POINT('Origin',(-3.1,10.,6.));
#3573=CARTESIAN_POINT('Origin',(-2.8,10.,3.7));
#3574=CARTESIAN_POINT('',(-2.1,10.,3.4));
#3575=CARTESIAN_POINT('Origin',(-2.1,10.,3.7));
#3576=CARTESIAN_POINT('',(-3.1,10.,3.4));
#3577=CARTESIAN_POINT('Origin',(-3.1,10.,3.7));
#3578=CARTESIAN_POINT('Origin',(-2.1,10.,5.));
#3579=CARTESIAN_POINT('',(-2.1,8.5,3.1));
#3580=CARTESIAN_POINT('',(-2.1,11.5,3.1));
#3581=CARTESIAN_POINT($,(-2.1,10.,3.1));
#3582=CARTESIAN_POINT('',(-2.1,11.5,9.));
#3583=CARTESIAN_POINT($,(-2.1,11.5,5.));
#3584=CARTESIAN_POINT('',(-2.1,8.5,9.));
#3585=CARTESIAN_POINT($,(-2.1,10.,9.));
#3586=CARTESIAN_POINT($,(-2.1,8.5,5.));
#3587=CARTESIAN_POINT('Origin',(-3.1,10.,5.));
#3588=CARTESIAN_POINT('',(-3.1,11.5,3.1));
#3589=CARTESIAN_POINT('',(-3.1,8.5,3.1));
#3590=CARTESIAN_POINT($,(-3.1,10.,3.1));
#3591=CARTESIAN_POINT('',(-3.1,8.5,9.));
#3592=CARTESIAN_POINT($,(-3.1,8.5,5.));
#3593=CARTESIAN_POINT('',(-3.1,11.5,9.));
#3594=CARTESIAN_POINT($,(-3.1,10.,9.));
#3595=CARTESIAN_POINT($,(-3.1,11.5,5.));
#3596=CARTESIAN_POINT('Origin',(-2.6,8.5,5.));
#3597=CARTESIAN_POINT($,(-2.6,8.5,9.));
#3598=CARTESIAN_POINT($,(-2.6,8.5,3.1));
#3599=CARTESIAN_POINT('Origin',(-2.6,10.,9.));
#3600=CARTESIAN_POINT($,(-2.6,11.5,9.));
#3601=CARTESIAN_POINT('Origin',(-2.6,11.5,5.));
#3602=CARTESIAN_POINT($,(-2.6,11.5,3.1));
#3603=CARTESIAN_POINT('Origin',(-2.6,10.,3.1));
#3604=CARTESIAN_POINT('Origin',(-24.3999999046326,12.7,11.25));
#3605=CARTESIAN_POINT('',(-25.,12.7,10.95));
#3606=CARTESIAN_POINT('Origin',(-25.,12.7,11.25));
#3607=CARTESIAN_POINT('',(-24.,12.7,10.95));
#3608=CARTESIAN_POINT('Origin',(-24.,12.7,11.25));
#3609=CARTESIAN_POINT('Origin',(-24.3999999046326,15.,11.25));
#3610=CARTESIAN_POINT('',(-25.,15.,10.95));
#3611=CARTESIAN_POINT('Origin',(-25.,15.,11.25));
#3612=CARTESIAN_POINT('',(-24.,15.,10.95));
#3613=CARTESIAN_POINT('Origin',(-24.,15.,11.25));
#3614=CARTESIAN_POINT('Origin',(-24.3999999046326,17.3,11.25));
#3615=CARTESIAN_POINT('',(-25.,17.3,10.95));
#3616=CARTESIAN_POINT('Origin',(-25.,17.3,11.25));
#3617=CARTESIAN_POINT('',(-24.,17.3,10.95));
#3618=CARTESIAN_POINT('Origin',(-24.,17.3,11.25));
#3619=CARTESIAN_POINT('Origin',(-24.5,44.,11.25));
#3620=CARTESIAN_POINT('',(-24.,44.,12.75));
#3621=CARTESIAN_POINT('',(-24.,44.,9.75));
#3622=CARTESIAN_POINT($,(-24.,44.,11.25));
#3623=CARTESIAN_POINT('',(-25.,44.,9.75));
#3624=CARTESIAN_POINT($,(-24.5,44.,9.75));
#3625=CARTESIAN_POINT('',(-25.,44.,12.75));
#3626=CARTESIAN_POINT($,(-25.,44.,11.25));
#3627=CARTESIAN_POINT($,(-24.5,44.,12.75));
#3628=CARTESIAN_POINT('Origin',(-24.5,12.,11.25));
#3629=CARTESIAN_POINT('',(-24.,12.,9.75));
#3630=CARTESIAN_POINT('',(-24.,12.,12.75));
#3631=CARTESIAN_POINT($,(-24.,12.,11.25));
#3632=CARTESIAN_POINT('',(-25.,12.,12.75));
#3633=CARTESIAN_POINT($,(-24.5,12.,12.75));
#3634=CARTESIAN_POINT('',(-25.,12.,9.75));
#3635=CARTESIAN_POINT($,(-25.,12.,11.25));
#3636=CARTESIAN_POINT($,(-24.5,12.,9.75));
#3637=CARTESIAN_POINT('Origin',(-24.5,13.,12.75));
#3638=CARTESIAN_POINT($,(-25.,13.,12.75));
#3639=CARTESIAN_POINT($,(-24.,13.,12.75));
#3640=CARTESIAN_POINT('Origin',(-25.,13.,11.25));
#3641=CARTESIAN_POINT($,(-25.,13.,9.75));
#3642=CARTESIAN_POINT('Origin',(-24.5,13.,9.75));
#3643=CARTESIAN_POINT($,(-24.,13.,9.75));
#3644=CARTESIAN_POINT('Origin',(-24.,13.,11.25));
#3645=CARTESIAN_POINT('Origin',(-1.39999990463257,12.7,11.25));
#3646=CARTESIAN_POINT('',(-2.,12.7,10.95));
#3647=CARTESIAN_POINT('Origin',(-2.,12.7,11.25));
#3648=CARTESIAN_POINT('',(-1.,12.7,10.95));
#3649=CARTESIAN_POINT('Origin',(-1.,12.7,11.25));
#3650=CARTESIAN_POINT('Origin',(-1.39999990463257,15.,11.25));
#3651=CARTESIAN_POINT('',(-2.,15.,10.95));
#3652=CARTESIAN_POINT('Origin',(-2.,15.,11.25));
#3653=CARTESIAN_POINT('',(-1.,15.,10.95));
#3654=CARTESIAN_POINT('Origin',(-1.,15.,11.25));
#3655=CARTESIAN_POINT('Origin',(-1.39999990463257,17.3,11.25));
#3656=CARTESIAN_POINT('',(-2.,17.3,10.95));
#3657=CARTESIAN_POINT('Origin',(-2.,17.3,11.25));
#3658=CARTESIAN_POINT('',(-1.,17.3,10.95));
#3659=CARTESIAN_POINT('Origin',(-1.,17.3,11.25));
#3660=CARTESIAN_POINT('Origin',(-1.5,44.,11.25));
#3661=CARTESIAN_POINT('',(-1.,44.,12.75));
#3662=CARTESIAN_POINT('',(-1.,44.,9.75));
#3663=CARTESIAN_POINT($,(-1.,44.,11.25));
#3664=CARTESIAN_POINT('',(-2.,44.,9.75));
#3665=CARTESIAN_POINT($,(-1.5,44.,9.75));
#3666=CARTESIAN_POINT('',(-2.,44.,12.75));
#3667=CARTESIAN_POINT($,(-2.,44.,11.25));
#3668=CARTESIAN_POINT($,(-1.5,44.,12.75));
#3669=CARTESIAN_POINT('Origin',(-1.5,12.,11.25));
#3670=CARTESIAN_POINT('',(-1.,12.,9.75));
#3671=CARTESIAN_POINT('',(-1.,12.,12.75));
#3672=CARTESIAN_POINT($,(-1.,12.,11.25));
#3673=CARTESIAN_POINT('',(-2.,12.,12.75));
#3674=CARTESIAN_POINT($,(-1.5,12.,12.75));
#3675=CARTESIAN_POINT('',(-2.,12.,9.75));
#3676=CARTESIAN_POINT($,(-2.,12.,11.25));
#3677=CARTESIAN_POINT($,(-1.5,12.,9.75));
#3678=CARTESIAN_POINT('Origin',(-1.5,13.,12.75));
#3679=CARTESIAN_POINT($,(-2.,13.,12.75));
#3680=CARTESIAN_POINT($,(-1.,13.,12.75));
#3681=CARTESIAN_POINT('Origin',(-2.,13.,11.25));
#3682=CARTESIAN_POINT($,(-2.,13.,9.75));
#3683=CARTESIAN_POINT('Origin',(-1.5,13.,9.75));
#3684=CARTESIAN_POINT($,(-1.,13.,9.75));
#3685=CARTESIAN_POINT('Origin',(-1.,13.,11.25));
#3686=CARTESIAN_POINT('Origin',(-14.0374,44.5,11.25));
#3687=CARTESIAN_POINT('',(4.,44.5,12.75));
#3688=CARTESIAN_POINT('',(4.,44.5,9.75000000000001));
#3689=CARTESIAN_POINT($,(4.,44.5,11.25));
#3690=CARTESIAN_POINT('',(-30.,44.5,9.75000000000001));
#3691=CARTESIAN_POINT($,(-14.0374,44.5,9.75000000000001));
#3692=CARTESIAN_POINT('',(-30.,44.5,12.75));
#3693=CARTESIAN_POINT($,(-30.,44.5,11.25));
#3694=CARTESIAN_POINT($,(-14.0374,44.5,12.75));
#3695=CARTESIAN_POINT('Origin',(-14.0374,44.,11.25));
#3696=CARTESIAN_POINT('',(4.,44.,9.75000000000001));
#3697=CARTESIAN_POINT('',(4.,44.,12.75));
#3698=CARTESIAN_POINT($,(4.,44.,11.25));
#3699=CARTESIAN_POINT('',(-30.,44.,12.75));
#3700=CARTESIAN_POINT($,(-14.0374,44.,12.75));
#3701=CARTESIAN_POINT('',(-30.,44.,9.75000000000001));
#3702=CARTESIAN_POINT($,(-30.,44.,11.25));
#3703=CARTESIAN_POINT($,(-14.0374,44.,9.75000000000001));
#3704=CARTESIAN_POINT('Origin',(-14.0374,44.25,12.75));
#3705=CARTESIAN_POINT($,(-30.,44.25,12.75));
#3706=CARTESIAN_POINT($,(4.,44.25,12.75));
#3707=CARTESIAN_POINT('Origin',(-30.,44.25,11.25));
#3708=CARTESIAN_POINT($,(-30.,44.25,9.75000000000001));
#3709=CARTESIAN_POINT('Origin',(-14.0374,44.25,9.75000000000001));
#3710=CARTESIAN_POINT($,(4.,44.25,9.75000000000001));
#3711=CARTESIAN_POINT('Origin',(4.,44.25,11.25));
#3712=CARTESIAN_POINT('Origin',(-23.01,9.29997024383545,0.100045776367187));
#3713=CARTESIAN_POINT('',(-23.175,9.29997024383545,1.00004577560425));
#3714=CARTESIAN_POINT('Origin',(-23.01,9.29997024383545,1.00004577560425));
#3715=CARTESIAN_POINT('',(-23.175,9.29997024383545,0.500045775604248));
#3716=CARTESIAN_POINT('Origin',(-23.01,9.29997024383545,0.500045775604248));
#3717=CARTESIAN_POINT('Origin',(-23.01,10.6999702438355,0.100045776367187));
#3718=CARTESIAN_POINT('',(-23.175,10.6999702438355,1.00004577560425));
#3719=CARTESIAN_POINT('Origin',(-23.01,10.6999702438355,1.00004577560425));
#3720=CARTESIAN_POINT('',(-23.175,10.6999702438355,0.500045775604248));
#3721=CARTESIAN_POINT('Origin',(-23.01,10.6999702438355,0.500045775604248));
#3722=CARTESIAN_POINT('Origin',(-22.01,9.99997024383545,0.750045775604248));
#3723=CARTESIAN_POINT('',(-22.01,8.49997024383545,0.500045775604248));
#3724=CARTESIAN_POINT('',(-22.01,11.4999702438354,0.500045775604248));
#3725=CARTESIAN_POINT($,(-22.01,9.99997024383545,0.500045775604248));
#3726=CARTESIAN_POINT('',(-22.01,11.4999702438354,1.00004577560425));
#3727=CARTESIAN_POINT($,(-22.01,11.4999702438354,0.750045775604248));
#3728=CARTESIAN_POINT('',(-22.01,8.49997024383545,1.00004577560425));
#3729=CARTESIAN_POINT($,(-22.01,9.99997024383545,1.00004577560425));
#3730=CARTESIAN_POINT($,(-22.01,8.49997024383545,0.750045775604248));
#3731=CARTESIAN_POINT('Origin',(-24.01,9.99997024383545,0.750045775604248));
#3732=CARTESIAN_POINT('',(-24.01,11.4999702438354,0.500045775604248));
#3733=CARTESIAN_POINT('',(-24.01,8.49997024383545,0.500045775604248));
#3734=CARTESIAN_POINT($,(-24.01,9.99997024383545,0.500045775604248));
#3735=CARTESIAN_POINT('',(-24.01,8.49997024383545,1.00004577560425));
#3736=CARTESIAN_POINT($,(-24.01,8.49997024383545,0.750045775604248));
#3737=CARTESIAN_POINT('',(-24.01,11.4999702438354,1.00004577560425));
#3738=CARTESIAN_POINT($,(-24.01,9.99997024383545,1.00004577560425));
#3739=CARTESIAN_POINT($,(-24.01,11.4999702438354,0.750045775604248));
#3740=CARTESIAN_POINT('Origin',(-23.01,8.49997024383545,0.750045775604248));
#3741=CARTESIAN_POINT($,(-23.01,8.49997024383545,1.00004577560425));
#3742=CARTESIAN_POINT($,(-23.01,8.49997024383545,0.500045775604248));
#3743=CARTESIAN_POINT('Origin',(-23.01,9.99997024383545,1.00004577560425));
#3744=CARTESIAN_POINT($,(-23.01,11.4999702438354,1.00004577560425));
#3745=CARTESIAN_POINT('Origin',(-23.01,11.4999702438354,0.750045775604248));
#3746=CARTESIAN_POINT($,(-23.01,11.4999702438354,0.500045775604248));
#3747=CARTESIAN_POINT('Origin',(-23.01,9.99997024383545,0.500045775604248));
#3748=CARTESIAN_POINT('Origin',(-2.99,9.29997024383545,0.400045776367187));
#3749=CARTESIAN_POINT('',(-3.155,9.29997024383545,1.00004577560425));
#3750=CARTESIAN_POINT('Origin',(-2.99,9.29997024383545,1.00004577560425));
#3751=CARTESIAN_POINT('',(-3.155,9.29997024383545,0.500045775604248));
#3752=CARTESIAN_POINT('Origin',(-2.99,9.29997024383545,0.500045775604248));
#3753=CARTESIAN_POINT('Origin',(-2.99,10.6999702438354,0.400045776367187));
#3754=CARTESIAN_POINT('',(-3.155,10.6999702438354,1.00004577560425));
#3755=CARTESIAN_POINT('Origin',(-2.99,10.6999702438354,1.00004577560425));
#3756=CARTESIAN_POINT('',(-3.155,10.6999702438354,0.500045775604248));
#3757=CARTESIAN_POINT('Origin',(-2.99,10.6999702438354,0.500045775604248));
#3758=CARTESIAN_POINT('Origin',(-1.99,9.99997024383545,0.750045775604248));
#3759=CARTESIAN_POINT('',(-1.99,8.49997024383545,0.500045775604248));
#3760=CARTESIAN_POINT('',(-1.99,11.4999702438354,0.500045775604248));
#3761=CARTESIAN_POINT($,(-1.99,9.99997024383545,0.500045775604248));
#3762=CARTESIAN_POINT('',(-1.99,11.4999702438354,1.00004577560425));
#3763=CARTESIAN_POINT($,(-1.99,11.4999702438354,0.750045775604248));
#3764=CARTESIAN_POINT('',(-1.99,8.49997024383545,1.00004577560425));
#3765=CARTESIAN_POINT($,(-1.99,9.99997024383545,1.00004577560425));
#3766=CARTESIAN_POINT($,(-1.99,8.49997024383545,0.750045775604248));
#3767=CARTESIAN_POINT('Origin',(-3.99,9.99997024383545,0.750045775604248));
#3768=CARTESIAN_POINT('',(-3.99,11.4999702438354,0.500045775604248));
#3769=CARTESIAN_POINT('',(-3.99,8.49997024383545,0.500045775604248));
#3770=CARTESIAN_POINT($,(-3.99,9.99997024383545,0.500045775604248));
#3771=CARTESIAN_POINT('',(-3.99,8.49997024383545,1.00004577560425));
#3772=CARTESIAN_POINT($,(-3.99,8.49997024383545,0.750045775604248));
#3773=CARTESIAN_POINT('',(-3.99,11.4999702438354,1.00004577560425));
#3774=CARTESIAN_POINT($,(-3.99,9.99997024383545,1.00004577560425));
#3775=CARTESIAN_POINT($,(-3.99,11.4999702438354,0.750045775604248));
#3776=CARTESIAN_POINT('Origin',(-2.99,8.49997024383545,0.750045775604248));
#3777=CARTESIAN_POINT($,(-2.99,8.49997024383545,1.00004577560425));
#3778=CARTESIAN_POINT($,(-2.99,8.49997024383545,0.500045775604248));
#3779=CARTESIAN_POINT('Origin',(-2.99,9.99997024383545,1.00004577560425));
#3780=CARTESIAN_POINT($,(-2.99,11.4999702438354,1.00004577560425));
#3781=CARTESIAN_POINT('Origin',(-2.99,11.4999702438354,0.750045775604248));
#3782=CARTESIAN_POINT($,(-2.99,11.4999702438354,0.500045775604248));
#3783=CARTESIAN_POINT('Origin',(-2.99,9.99997024383545,0.500045775604248));
#3784=CARTESIAN_POINT('Origin',(-23.01,9.29997024383545,-3.49995422363281));
#3785=CARTESIAN_POINT('',(-22.845,9.29997024383545,-4.49995422363281));
#3786=CARTESIAN_POINT('Origin',(-23.01,9.29997024383545,-4.49995422363281));
#3787=CARTESIAN_POINT('',(-22.845,9.29997024383545,-2.49995422363281));
#3788=CARTESIAN_POINT('Origin',(-23.01,9.29997024383545,-2.49995422363281));
#3789=CARTESIAN_POINT('Origin',(-23.01,9.29997024383545,-4.49995422363281));
#3790=CARTESIAN_POINT('Origin',(-23.01,9.29997024383545,-2.49995422363281));
#3791=CARTESIAN_POINT('Origin',(-23.01,10.6999702438355,-3.49995422363281));
#3792=CARTESIAN_POINT('',(-22.845,10.6999702438355,-4.49995422363281));
#3793=CARTESIAN_POINT('Origin',(-23.01,10.6999702438355,-4.49995422363281));
#3794=CARTESIAN_POINT('',(-22.845,10.6999702438355,-2.49995422363281));
#3795=CARTESIAN_POINT('Origin',(-23.01,10.6999702438355,-2.49995422363281));
#3796=CARTESIAN_POINT('Origin',(-23.01,10.6999702438355,-4.49995422363281));
#3797=CARTESIAN_POINT('Origin',(-23.01,10.6999702438355,-2.49995422363281));
#3798=CARTESIAN_POINT('Origin',(-2.99,10.6999702438354,-3.49995422363281));
#3799=CARTESIAN_POINT('',(-2.825,10.6999702438354,-4.49995422363281));
#3800=CARTESIAN_POINT('Origin',(-2.99,10.6999702438354,-4.49995422363281));
#3801=CARTESIAN_POINT('',(-2.825,10.6999702438354,-2.49995422363281));
#3802=CARTESIAN_POINT('Origin',(-2.99,10.6999702438354,-2.49995422363281));
#3803=CARTESIAN_POINT('Origin',(-2.99,10.6999702438354,-4.49995422363281));
#3804=CARTESIAN_POINT('Origin',(-2.99,10.6999702438354,-2.49995422363281));
#3805=CARTESIAN_POINT('Origin',(-2.99,9.29997024383545,-3.49995422363281));
#3806=CARTESIAN_POINT('',(-2.825,9.29997024383545,-4.49995422363281));
#3807=CARTESIAN_POINT('Origin',(-2.99,9.29997024383545,-4.49995422363281));
#3808=CARTESIAN_POINT('',(-2.825,9.29997024383545,-2.49995422363281));
#3809=CARTESIAN_POINT('Origin',(-2.99,9.29997024383545,-2.49995422363281));
#3810=CARTESIAN_POINT('Origin',(-2.99,9.29997024383545,-4.49995422363281));
#3811=CARTESIAN_POINT('Origin',(-2.99,9.29997024383545,-2.49995422363281));
#3812=CARTESIAN_POINT('Origin',(-1.5,13.6500168411255,14.45));
#3813=CARTESIAN_POINT('',(-2.5,14.0500168411255,14.45));
#3814=CARTESIAN_POINT('',(-0.5,14.0500168411255,14.4499998092651));
#3815=CARTESIAN_POINT('Origin',(-1.5,14.0500168411255,14.4499998092651));
#3816=CARTESIAN_POINT('',(-0.5,16.1000168411255,14.45));
#3817=CARTESIAN_POINT($,(-0.5,13.6500168411255,14.45));
#3818=CARTESIAN_POINT('',(-2.5,16.1000168411255,14.45));
#3819=CARTESIAN_POINT($,(-1.5,16.1000168411255,14.45));
#3820=CARTESIAN_POINT($,(-2.5,13.6500168411255,14.45));
#3821=CARTESIAN_POINT('Origin',(-1.5,13.6500168411255,14.45));
#3822=CARTESIAN_POINT('Origin',(-1.5,14.0500168411255,14.4499998092651));
#3823=CARTESIAN_POINT('',(-2.5,12.0000168411255,14.45));
#3824=CARTESIAN_POINT($,(-2.5,13.6500168411255,14.45));
#3825=CARTESIAN_POINT('',(-0.5,12.0000168411255,14.45));
#3826=CARTESIAN_POINT($,(-1.5,12.0000168411255,14.45));
#3827=CARTESIAN_POINT($,(-0.5,13.6500168411255,14.45));
#3828=CARTESIAN_POINT('Origin',(-2.02,14.0500168411255,11.9));
#3829=CARTESIAN_POINT('',(-2.02,16.1000168411255,13.45));
#3830=CARTESIAN_POINT('',(-2.02,16.1000168411255,10.45));
#3831=CARTESIAN_POINT($,(-2.02,16.1000168411255,11.925));
#3832=CARTESIAN_POINT('',(-2.02,12.0000168411255,13.45));
#3833=CARTESIAN_POINT($,(-2.02,14.0500168411255,13.45));
#3834=CARTESIAN_POINT('',(-2.02,12.0000168411255,10.45));
#3835=CARTESIAN_POINT($,(-2.02,12.0000168411255,11.925));
#3836=CARTESIAN_POINT($,(-2.02,13.8500168411255,10.45));
#3837=CARTESIAN_POINT('',(-2.02,12.7000168411255,12.25));
#3838=CARTESIAN_POINT('Origin',(-2.02,12.7000168411255,11.95));
#3839=CARTESIAN_POINT('',(-2.02,15.0000168411255,12.25));
#3840=CARTESIAN_POINT('Origin',(-2.02,15.0000168411255,11.95));
#3841=CARTESIAN_POINT('Origin',(-1.5,14.0500168411255,13.45));
#3842=CARTESIAN_POINT('',(-0.98,16.1000168411255,13.45));
#3843=CARTESIAN_POINT($,(-1.5,16.1000168411255,13.45));
#3844=CARTESIAN_POINT('',(-0.98,12.0000168411255,13.45));
#3845=CARTESIAN_POINT($,(-0.98,14.0500168411255,13.45));
#3846=CARTESIAN_POINT($,(-1.5,12.0000168411255,13.45));
#3847=CARTESIAN_POINT('Origin',(-0.98,14.0500168411255,11.9));
#3848=CARTESIAN_POINT('',(-0.98,16.1000168411255,10.45));
#3849=CARTESIAN_POINT($,(-0.98,16.1000168411255,11.925));
#3850=CARTESIAN_POINT('',(-0.98,12.0000168411255,10.45));
#3851=CARTESIAN_POINT($,(-0.98,13.8500168411255,10.45));
#3852=CARTESIAN_POINT($,(-0.98,12.0000168411255,11.925));
#3853=CARTESIAN_POINT('',(-0.98,15.0000168411255,12.25));
#3854=CARTESIAN_POINT('Origin',(-0.98,15.0000168411255,11.95));
#3855=CARTESIAN_POINT('',(-0.98,12.7000168411255,12.25));
#3856=CARTESIAN_POINT('Origin',(-0.98,12.7000168411255,11.95));
#3857=CARTESIAN_POINT('Origin',(-1.5,12.0000168411255,11.95));
#3858=CARTESIAN_POINT('',(-0.5,12.0000168411255,10.45));
#3859=CARTESIAN_POINT($,(-1.5,12.0000168411255,10.45));
#3860=CARTESIAN_POINT($,(-0.5,12.0000168411255,11.95));
#3861=CARTESIAN_POINT('',(-2.5,12.0000168411255,10.45));
#3862=CARTESIAN_POINT($,(-2.5,12.0000168411255,11.95));
#3863=CARTESIAN_POINT($,(-1.5,12.0000168411255,10.45));
#3864=CARTESIAN_POINT('Origin',(-1.5,13.6500168411255,10.45));
#3865=CARTESIAN_POINT('',(-0.5,16.1000168411255,10.45));
#3866=CARTESIAN_POINT($,(-1.5,16.1000168411255,10.45));
#3867=CARTESIAN_POINT($,(-0.5,13.6500168411255,10.45));
#3868=CARTESIAN_POINT('Origin',(-1.5,13.6500168411255,10.45));
#3869=CARTESIAN_POINT('',(-2.5,16.1000168411255,10.45));
#3870=CARTESIAN_POINT($,(-2.5,13.6500168411255,10.45));
#3871=CARTESIAN_POINT($,(-1.5,16.1000168411255,10.45));
#3872=CARTESIAN_POINT('Origin',(-1.5,15.0000168411255,11.95));
#3873=CARTESIAN_POINT('',(-0.5,15.0000168411255,11.65));
#3874=CARTESIAN_POINT('Origin',(-0.5,15.0000168411255,11.95));
#3875=CARTESIAN_POINT('Origin',(-1.5,12.7000168411255,11.95));
#3876=CARTESIAN_POINT('',(-0.5,12.7000168411255,11.65));
#3877=CARTESIAN_POINT('Origin',(-0.5,12.7000168411255,11.95));
#3878=CARTESIAN_POINT('Origin',(-1.5,15.0000168411255,11.95));
#3879=CARTESIAN_POINT('',(-2.5,15.0000168411255,11.65));
#3880=CARTESIAN_POINT('Origin',(-2.5,15.0000168411255,11.95));
#3881=CARTESIAN_POINT('Origin',(-1.5,12.7000168411255,11.95));
#3882=CARTESIAN_POINT('',(-2.5,12.7000168411255,11.65));
#3883=CARTESIAN_POINT('Origin',(-2.5,12.7000168411255,11.95));
#3884=CARTESIAN_POINT('Origin',(-2.5,13.6500168411255,11.95));
#3885=CARTESIAN_POINT($,(-2.5,16.1000168411255,11.95));
#3886=CARTESIAN_POINT('Origin',(-1.5,16.1000168411255,11.95));
#3887=CARTESIAN_POINT($,(-0.5,16.1000168411255,11.95));
#3888=CARTESIAN_POINT('Origin',(-0.5,13.6500168411255,11.95));
#3889=CARTESIAN_POINT('Origin',(-1.5,14.0500168411255,15.4499998092651));
#3890=CARTESIAN_POINT('',(-2.5,14.0500168411255,23.4499998092651));
#3891=CARTESIAN_POINT('Origin',(-1.5,14.0500168411255,23.4499998092651));
#3892=CARTESIAN_POINT('Origin',(-1.5,14.0500168411255,23.4499998092651));
#3893=CARTESIAN_POINT('Origin',(-24.5,13.6500168411255,14.45));
#3894=CARTESIAN_POINT('',(-25.5,14.0500168411255,14.45));
#3895=CARTESIAN_POINT('',(-23.5,14.0500168411255,14.4499998092651));
#3896=CARTESIAN_POINT('Origin',(-24.5,14.0500168411255,14.4499998092651));
#3897=CARTESIAN_POINT('',(-23.5,16.1000168411255,14.45));
#3898=CARTESIAN_POINT($,(-23.5,13.6500168411255,14.45));
#3899=CARTESIAN_POINT('',(-25.5,16.1000168411255,14.45));
#3900=CARTESIAN_POINT($,(-24.5,16.1000168411255,14.45));
#3901=CARTESIAN_POINT($,(-25.5,13.6500168411255,14.45));
#3902=CARTESIAN_POINT('Origin',(-24.5,13.6500168411255,14.45));
#3903=CARTESIAN_POINT('Origin',(-24.5,14.0500168411255,14.4499998092651));
#3904=CARTESIAN_POINT('',(-25.5,12.0000168411255,14.45));
#3905=CARTESIAN_POINT($,(-25.5,13.6500168411255,14.45));
#3906=CARTESIAN_POINT('',(-23.5,12.0000168411255,14.45));
#3907=CARTESIAN_POINT($,(-24.5,12.0000168411255,14.45));
#3908=CARTESIAN_POINT($,(-23.5,13.6500168411255,14.45));
#3909=CARTESIAN_POINT('Origin',(-25.02,14.0500168411255,11.9));
#3910=CARTESIAN_POINT('',(-25.02,16.1000168411255,13.45));
#3911=CARTESIAN_POINT('',(-25.02,16.1000168411255,10.45));
#3912=CARTESIAN_POINT($,(-25.02,16.1000168411255,11.925));
#3913=CARTESIAN_POINT('',(-25.02,12.0000168411255,13.45));
#3914=CARTESIAN_POINT($,(-25.02,14.0500168411255,13.45));
#3915=CARTESIAN_POINT('',(-25.02,12.0000168411255,10.45));
#3916=CARTESIAN_POINT($,(-25.02,12.0000168411255,11.925));
#3917=CARTESIAN_POINT($,(-25.02,13.8500168411255,10.45));
#3918=CARTESIAN_POINT('',(-25.02,12.7000168411255,12.25));
#3919=CARTESIAN_POINT('Origin',(-25.02,12.7000168411255,11.95));
#3920=CARTESIAN_POINT('',(-25.02,15.0000168411255,12.25));
#3921=CARTESIAN_POINT('Origin',(-25.02,15.0000168411255,11.95));
#3922=CARTESIAN_POINT('Origin',(-24.5,14.0500168411255,13.45));
#3923=CARTESIAN_POINT('',(-23.98,16.1000168411255,13.45));
#3924=CARTESIAN_POINT($,(-24.5,16.1000168411255,13.45));
#3925=CARTESIAN_POINT('',(-23.98,12.0000168411255,13.45));
#3926=CARTESIAN_POINT($,(-23.98,14.0500168411255,13.45));
#3927=CARTESIAN_POINT($,(-24.5,12.0000168411255,13.45));
#3928=CARTESIAN_POINT('Origin',(-23.98,14.0500168411255,11.9));
#3929=CARTESIAN_POINT('',(-23.98,16.1000168411255,10.45));
#3930=CARTESIAN_POINT($,(-23.98,16.1000168411255,11.925));
#3931=CARTESIAN_POINT('',(-23.98,12.0000168411255,10.45));
#3932=CARTESIAN_POINT($,(-23.98,13.8500168411255,10.45));
#3933=CARTESIAN_POINT($,(-23.98,12.0000168411255,11.925));
#3934=CARTESIAN_POINT('',(-23.98,15.0000168411255,12.25));
#3935=CARTESIAN_POINT('Origin',(-23.98,15.0000168411255,11.95));
#3936=CARTESIAN_POINT('',(-23.98,12.7000168411255,12.25));
#3937=CARTESIAN_POINT('Origin',(-23.98,12.7000168411255,11.95));
#3938=CARTESIAN_POINT('Origin',(-24.5,12.0000168411255,11.95));
#3939=CARTESIAN_POINT('',(-23.5,12.0000168411255,10.45));
#3940=CARTESIAN_POINT($,(-24.5,12.0000168411255,10.45));
#3941=CARTESIAN_POINT($,(-23.5,12.0000168411255,11.95));
#3942=CARTESIAN_POINT('',(-25.5,12.0000168411255,10.45));
#3943=CARTESIAN_POINT($,(-25.5,12.0000168411255,11.95));
#3944=CARTESIAN_POINT($,(-24.5,12.0000168411255,10.45));
#3945=CARTESIAN_POINT('Origin',(-24.5,13.6500168411255,10.45));
#3946=CARTESIAN_POINT('',(-23.5,16.1000168411255,10.45));
#3947=CARTESIAN_POINT($,(-24.5,16.1000168411255,10.45));
#3948=CARTESIAN_POINT($,(-23.5,13.6500168411255,10.45));
#3949=CARTESIAN_POINT('Origin',(-24.5,13.6500168411255,10.45));
#3950=CARTESIAN_POINT('',(-25.5,16.1000168411255,10.45));
#3951=CARTESIAN_POINT($,(-25.5,13.6500168411255,10.45));
#3952=CARTESIAN_POINT($,(-24.5,16.1000168411255,10.45));
#3953=CARTESIAN_POINT('Origin',(-24.5,15.0000168411255,11.95));
#3954=CARTESIAN_POINT('',(-23.5,15.0000168411255,11.65));
#3955=CARTESIAN_POINT('Origin',(-23.5,15.0000168411255,11.95));
#3956=CARTESIAN_POINT('Origin',(-24.5,12.7000168411255,11.95));
#3957=CARTESIAN_POINT('',(-23.5,12.7000168411255,11.65));
#3958=CARTESIAN_POINT('Origin',(-23.5,12.7000168411255,11.95));
#3959=CARTESIAN_POINT('Origin',(-24.5,15.0000168411255,11.95));
#3960=CARTESIAN_POINT('',(-25.5,15.0000168411255,11.65));
#3961=CARTESIAN_POINT('Origin',(-25.5,15.0000168411255,11.95));
#3962=CARTESIAN_POINT('Origin',(-24.5,12.7000168411255,11.95));
#3963=CARTESIAN_POINT('',(-25.5,12.7000168411255,11.65));
#3964=CARTESIAN_POINT('Origin',(-25.5,12.7000168411255,11.95));
#3965=CARTESIAN_POINT('Origin',(-25.5,13.6500168411255,11.95));
#3966=CARTESIAN_POINT($,(-25.5,16.1000168411255,11.95));
#3967=CARTESIAN_POINT('Origin',(-24.5,16.1000168411255,11.95));
#3968=CARTESIAN_POINT($,(-23.5,16.1000168411255,11.95));
#3969=CARTESIAN_POINT('Origin',(-23.5,13.6500168411255,11.95));
#3970=CARTESIAN_POINT('Origin',(-24.5,14.0500168411255,15.4499998092651));
#3971=CARTESIAN_POINT('',(-25.5,14.0500168411255,23.4499998092651));
#3972=CARTESIAN_POINT('Origin',(-24.5,14.0500168411255,23.4499998092651));
#3973=CARTESIAN_POINT('Origin',(-24.5,14.0500168411255,23.4499998092651));
#3974=CARTESIAN_POINT('Origin',(-1.8,49.5,2.7084379196167));
#3975=CARTESIAN_POINT('',(-1.3,49.5,3.7084379196167));
#3976=CARTESIAN_POINT('',(-1.3,49.5,1.7084379196167));
#3977=CARTESIAN_POINT($,(-1.3,49.5,2.7084379196167));
#3978=CARTESIAN_POINT('',(-1.7,49.5,1.7084379196167));
#3979=CARTESIAN_POINT($,(-1.8,49.5,1.7084379196167));
#3980=CARTESIAN_POINT('',(-1.7,49.5,3.7084379196167));
#3981=CARTESIAN_POINT($,(-1.7,49.5,2.7084379196167));
#3982=CARTESIAN_POINT($,(-1.8,49.5,3.7084379196167));
#3983=CARTESIAN_POINT('Origin',(-1.8,11.5,2.7084379196167));
#3984=CARTESIAN_POINT('',(-1.3,11.5,1.7084379196167));
#3985=CARTESIAN_POINT('',(-1.3,11.5,3.7084379196167));
#3986=CARTESIAN_POINT($,(-1.3,11.5,2.7084379196167));
#3987=CARTESIAN_POINT('',(-1.7,11.5,3.7084379196167));
#3988=CARTESIAN_POINT($,(-1.8,11.5,3.7084379196167));
#3989=CARTESIAN_POINT('',(-1.7,11.5,1.7084379196167));
#3990=CARTESIAN_POINT($,(-1.7,11.5,2.7084379196167));
#3991=CARTESIAN_POINT($,(-1.8,11.5,1.7084379196167));
#3992=CARTESIAN_POINT('Origin',(-1.8,12.5,3.7084379196167));
#3993=CARTESIAN_POINT($,(-1.7,12.5,3.7084379196167));
#3994=CARTESIAN_POINT($,(-1.3,12.5,3.7084379196167));
#3995=CARTESIAN_POINT('Origin',(-1.7,12.5,2.7084379196167));
#3996=CARTESIAN_POINT($,(-1.7,12.5,1.7084379196167));
#3997=CARTESIAN_POINT('Origin',(-1.8,12.5,1.7084379196167));
#3998=CARTESIAN_POINT($,(-1.3,12.5,1.7084379196167));
#3999=CARTESIAN_POINT('Origin',(-1.3,12.5,2.7084379196167));
#4000=CARTESIAN_POINT('Origin',(-24.8,49.5,2.7084379196167));
#4001=CARTESIAN_POINT('',(-24.3,49.5,3.7084379196167));
#4002=CARTESIAN_POINT('',(-24.3,49.5,1.7084379196167));
#4003=CARTESIAN_POINT($,(-24.3,49.5,2.7084379196167));
#4004=CARTESIAN_POINT('',(-24.7,49.5,1.7084379196167));
#4005=CARTESIAN_POINT($,(-24.8,49.5,1.7084379196167));
#4006=CARTESIAN_POINT('',(-24.7,49.5,3.7084379196167));
#4007=CARTESIAN_POINT($,(-24.7,49.5,2.7084379196167));
#4008=CARTESIAN_POINT($,(-24.8,49.5,3.7084379196167));
#4009=CARTESIAN_POINT('Origin',(-24.8,11.5,2.7084379196167));
#4010=CARTESIAN_POINT('',(-24.3,11.5,1.7084379196167));
#4011=CARTESIAN_POINT('',(-24.3,11.5,3.7084379196167));
#4012=CARTESIAN_POINT($,(-24.3,11.5,2.7084379196167));
#4013=CARTESIAN_POINT('',(-24.7,11.5,3.7084379196167));
#4014=CARTESIAN_POINT($,(-24.8,11.5,3.7084379196167));
#4015=CARTESIAN_POINT('',(-24.7,11.5,1.7084379196167));
#4016=CARTESIAN_POINT($,(-24.7,11.5,2.7084379196167));
#4017=CARTESIAN_POINT($,(-24.8,11.5,1.7084379196167));
#4018=CARTESIAN_POINT('Origin',(-24.8,12.5,3.7084379196167));
#4019=CARTESIAN_POINT($,(-24.7,12.5,3.7084379196167));
#4020=CARTESIAN_POINT($,(-24.3,12.5,3.7084379196167));
#4021=CARTESIAN_POINT('Origin',(-24.7,12.5,2.7084379196167));
#4022=CARTESIAN_POINT($,(-24.7,12.5,1.7084379196167));
#4023=CARTESIAN_POINT('Origin',(-24.8,12.5,1.7084379196167));
#4024=CARTESIAN_POINT($,(-24.3,12.5,1.7084379196167));
#4025=CARTESIAN_POINT('Origin',(-24.3,12.5,2.7084379196167));
#4026=CARTESIAN_POINT('Origin',(-13.,17.3,11.25));
#4027=CARTESIAN_POINT('',(-25.,17.3,11.));
#4028=CARTESIAN_POINT('Origin',(-25.,17.3,11.25));
#4029=CARTESIAN_POINT('',(-1.,17.3,11.));
#4030=CARTESIAN_POINT('Origin',(-1.,17.3,11.25));
#4031=CARTESIAN_POINT('Origin',(-25.,17.3,11.25));
#4032=CARTESIAN_POINT('Origin',(-1.,17.3,11.25));
#4033=UNCERTAINTY_MEASURE_WITH_UNIT(LENGTH_MEASURE(0.001),#4035,
'DISTANCE_ACCURACY_VALUE',
'Maximum model space distance between geometric entities at asserted c
onnectivities');
#4034=(
GEOMETRIC_REPRESENTATION_CONTEXT(3)
GLOBAL_UNCERTAINTY_ASSIGNED_CONTEXT((#4033))
GLOBAL_UNIT_ASSIGNED_CONTEXT((#4035,#4037,#4036))
REPRESENTATION_CONTEXT('','3D')
);
#4035=(
LENGTH_UNIT()
NAMED_UNIT(*)
SI_UNIT(.CENTI.,.METRE.)
);
#4036=(
NAMED_UNIT(*)
SI_UNIT($,.STERADIAN.)
SOLID_ANGLE_UNIT()
);
#4037=(
NAMED_UNIT(*)
PLANE_ANGLE_UNIT()
SI_UNIT($,.RADIAN.)
);
#4038=SHAPE_DEFINITION_REPRESENTATION(#4039,#4040);
#4039=PRODUCT_DEFINITION_SHAPE('',$,#4042);
#4040=SHAPE_REPRESENTATION('',(#2457),#4034);
#4041=PRODUCT_DEFINITION_CONTEXT('3D Mechanical Parts',#4045,'design');
#4042=PRODUCT_DEFINITION('\X2\76DB83DC56687B8053167248672C\X0\',
'\X2\76DB83DC56687B8053167248672C\X0\',#4043,#4041);
#4043=PRODUCT_DEFINITION_FORMATION('',$,#4047);
#4044=APPLICATION_PROTOCOL_DEFINITION('international standard',
'automotive_design',2009,#4045);
#4045=APPLICATION_CONTEXT(
'Core Data for Automotive Mechanical Design Process');
#4046=PRODUCT_CONTEXT('3D Mechanical Parts',#4045,'mechanical');
#4047=PRODUCT('\X2\76DB83DC56687B8053167248672C\X0\',
'\X2\76DB83DC56687B8053167248672C\X0\',$,(#4046));
#4048=PRESENTATION_STYLE_ASSIGNMENT((#4049));
#4049=SURFACE_STYLE_USAGE(.BOTH.,#4050);
#4050=SURFACE_SIDE_STYLE($,(#4051));
#4051=SURFACE_STYLE_FILL_AREA(#4052);
#4052=FILL_AREA_STYLE($,(#4053));
#4053=FILL_AREA_STYLE_COLOUR($,#4054);
#4054=COLOUR_RGB('__RGBA_0.322_0.702_0.937',0.32156862745098,0.701960784313725,
0.937254901960784);
ENDSEC;
END-ISO-10303-21;
